"","Brazil","France","United Kingdom","Greece","Ireland","South Africa","Spain","Marroco","USA","India","Japan","Australia","Mexico","China","Saudi Arabia"
"1",0,0,0,0,0,1,0,1,0,0,0,0,0,1,0
"2",1,0,0,0,0,0,0,0,0,0,1,1,0,1,0
"3",1,1,1,1,1,1,1,1,1,1,1,1,1,0,1
"4",1,0,1,1,1,1,0,0,1,1,0,0,1,0,1
"5",0,0,0,1,0,0,0,0,0,0,0,0,0,0,0
"6",0,0,0,0,0,0,0,0,0,1,1,1,0,1,0
"7",1,0,0,0,0,0,0,0,0,0,0,0,0,0,1
"8",1,1,1,1,0,0,1,1,1,0,0,0,1,0,1
"9",1,1,1,1,1,0,1,1,0,0,1,1,0,1,0
"10",1,1,1,1,0,1,1,1,1,0,1,0,1,1,1
"11",0,1,1,1,0,1,1,0,0,0,1,1,0,1,1
"12",1,1,0,0,1,1,1,1,1,0,1,0,1,1,1
"13",0,1,1,0,1,0,1,0,1,0,1,1,1,0,0
"14",1,1,0,1,0,0,1,0,1,0,0,0,1,0,1
"15",1,0,0,0,0,1,0,0,0,1,0,0,1,0,0
"16",1,0,0,0,0,0,0,0,0,0,0,0,0,0,0
"17",0,0,0,0,1,0,0,0,1,0,0,0,0,1,1
"18",0,0,0,0,1,0,0,0,0,0,1,0,0,0,0
"19",1,1,0,1,1,0,0,0,1,0,1,1,1,0,0
"20",1,1,1,1,1,1,1,1,1,1,1,0,1,1,1
"21",0,0,0,0,0,0,0,0,0,1,1,1,0,0,0
"22",0,0,0,0,0,0,0,0,0,0,0,0,0,0,0
"23",0,1,0,0,1,0,1,0,1,1,0,1,0,1,0
"24",0,0,1,0,0,1,0,1,1,1,0,1,0,0,0
"25",0,1,1,1,0,1,1,1,1,1,1,0,1,1,1
"26",1,1,1,1,1,1,1,0,1,1,0,1,1,0,0
"27",1,0,0,0,0,0,0,1,1,0,0,0,0,0,0
"28",1,0,0,1,1,1,0,0,1,0,1,0,0,0,0
"29",0,1,1,1,0,1,1,1,0,1,0,1,1,0,0
"30",0,1,1,1,1,1,1,1,0,1,0,0,0,0,0
"31",1,0,0,1,1,0,0,1,1,0,1,0,1,0,0
"32",1,1,1,0,1,1,1,1,0,1,1,1,1,1,0
"33",1,0,0,0,0,1,1,1,1,1,0,0,1,1,0
"34",1,0,1,0,0,1,0,0,0,0,0,1,0,0,0
"35",0,1,1,1,0,0,1,0,0,0,1,1,1,0,0
"36",1,1,0,1,1,0,0,0,1,0,1,0,1,0,1
"37",1,1,1,1,1,0,1,0,1,1,1,1,0,1,0
"38",0,0,0,0,0,0,0,0,0,1,0,0,1,0,0
"39",1,1,1,1,0,1,1,1,1,1,1,1,1,1,1
"40",1,1,1,1,1,1,1,1,1,1,0,1,1,0,0
"41",1,1,1,0,1,1,1,0,0,1,0,1,1,1,0
"42",1,1,0,1,0,1,0,0,1,1,0,0,0,0,0
"43",1,0,0,0,1,1,0,0,1,0,0,1,1,0,0
"44",0,1,1,0,1,0,1,1,0,0,0,0,0,0,1
"45",1,0,1,0,0,0,1,0,1,1,1,0,1,0,0
"46",1,0,0,1,0,0,0,0,0,1,0,0,1,0,1
"47",0,0,0,1,0,0,0,0,0,0,1,1,0,0,1
"48",0,0,0,0,0,0,0,0,1,0,0,1,1,0,0
"49",0,1,0,0,0,0,1,0,1,1,1,0,1,0,0
"50",0,0,0,0,1,1,1,1,0,1,1,1,1,0,0
"51",0,0,1,0,1,1,1,1,1,1,1,1,1,1,0
"52",0,0,0,1,1,0,0,0,1,0,1,0,0,1,1
"53",1,1,1,1,0,1,1,0,1,1,1,1,1,1,1
"54",1,0,1,1,1,0,1,0,1,0,0,0,1,0,1
"55",0,0,0,0,0,0,0,0,0,1,0,0,0,0,0
"56",0,0,0,0,1,0,1,0,0,1,0,1,0,0,0
"57",0,0,0,0,1,0,0,0,1,0,0,0,1,0,0
"58",1,1,1,1,1,1,1,0,0,1,0,0,1,1,1
"59",0,1,1,0,0,0,0,0,1,0,1,0,0,1,0
"60",0,1,1,0,1,0,1,1,0,0,1,0,0,0,1
"61",1,1,1,0,0,1,0,0,1,0,0,1,1,0,0
"62",0,1,1,0,0,0,0,0,0,0,0,0,0,1,0
"63",0,0,1,0,1,1,1,0,1,1,1,1,0,0,1
"64",1,1,1,1,1,1,1,0,1,0,1,1,1,1,1
"65",1,1,1,0,1,1,1,1,1,1,0,1,0,0,0
"66",0,0,1,0,1,0,1,0,1,0,1,1,0,1,0
"67",0,1,1,1,0,1,0,1,0,1,1,1,0,1,0
"68",1,1,0,0,0,0,1,0,1,1,1,0,1,0,0
"69",0,1,1,0,0,0,0,1,0,1,1,1,0,1,0
"70",0,1,1,0,1,0,1,1,0,1,0,1,0,0,1
"71",1,1,1,1,1,0,1,1,0,1,1,1,0,1,1
"72",1,1,1,1,1,1,1,0,1,0,1,1,1,1,1
"73",1,1,1,1,1,1,1,1,1,1,1,1,1,0,1
"74",0,1,0,1,1,0,1,0,1,1,1,1,0,0,1
"75",1,1,1,1,1,1,1,1,1,1,0,0,1,0,1
"76",1,0,0,0,0,0,0,0,0,1,0,0,1,1,0
"77",1,1,1,1,1,1,1,1,1,1,1,1,1,1,1
"78",0,0,1,1,0,0,0,1,1,0,1,1,1,0,1
"79",1,1,0,0,1,0,0,0,0,1,1,0,1,1,0
"80",1,1,1,0,1,0,1,0,0,0,0,0,0,0,0
"81",0,1,1,1,1,0,1,0,0,1,1,1,0,1,1
"82",1,0,0,1,1,0,0,1,1,1,0,0,0,0,1
"83",1,0,0,0,0,0,0,0,0,0,1,1,1,0,1
"84",0,0,0,0,0,1,0,0,0,0,0,1,0,0,0
"85",0,1,1,0,0,0,0,1,0,0,1,0,0,0,0
"86",0,0,0,0,0,0,0,0,0,0,0,0,0,0,0
"87",0,0,0,0,0,0,0,0,0,1,1,0,0,0,0
"88",1,1,1,1,1,1,1,0,1,1,1,1,1,1,1
"89",0,1,1,1,0,0,1,1,1,1,1,1,1,1,1
"90",0,1,1,1,0,0,1,0,1,0,0,0,0,0,1
"91",0,1,1,1,1,1,0,1,1,0,1,1,1,1,1
"92",1,0,0,0,0,1,0,0,1,0,0,0,1,0,0
"93",1,0,0,0,0,0,0,1,0,0,0,0,1,1,0
"94",0,0,0,0,1,0,0,1,0,0,0,0,0,0,0
"95",0,0,0,1,1,1,0,0,0,0,1,1,0,0,0
"96",1,1,1,0,0,1,1,0,1,1,1,1,0,1,0
"97",1,1,1,1,0,1,1,1,1,0,1,1,1,1,1
"98",1,1,1,0,1,1,0,0,1,0,0,0,1,0,1
"99",0,0,0,0,0,0,0,1,0,1,1,1,0,0,0
"100",0,1,1,1,1,1,1,0,0,0,1,1,0,0,0
"101",0,0,0,0,0,0,1,0,0,0,0,0,0,0,0
"102",1,0,0,1,1,0,0,1,0,0,1,1,1,0,1
"103",1,1,0,1,1,1,1,1,1,0,0,1,1,0,1
"104",0,0,0,0,0,0,0,1,0,0,0,0,0,0,1
"105",1,1,1,0,0,0,0,0,1,1,0,1,0,0,1
"106",1,0,0,1,0,1,0,1,0,1,0,1,1,1,0
"107",0,0,1,1,1,1,1,0,1,1,1,1,1,1,1
"108",1,1,1,1,1,1,1,1,1,1,1,0,1,1,0
"109",0,1,0,0,1,1,0,0,0,1,0,0,1,1,0
"110",1,0,0,0,0,1,0,0,1,1,0,0,1,1,1
"111",1,1,1,1,1,1,1,1,1,1,1,0,1,1,1
"112",0,0,1,0,0,0,1,1,0,0,0,0,0,1,1
"113",1,1,1,1,0,1,1,1,1,1,1,1,0,1,1
"114",1,1,1,1,1,1,1,1,1,1,1,0,1,1,1
"115",1,0,1,0,1,1,0,1,1,0,0,1,1,1,1
"116",1,0,1,1,1,1,0,1,0,1,1,1,1,0,0
"117",1,1,1,1,1,1,1,0,1,0,0,0,1,1,0
"118",1,0,0,1,0,0,0,0,0,0,1,1,0,0,1
"119",0,0,1,1,0,1,0,0,0,1,0,1,0,1,1
"120",1,1,1,1,1,1,1,0,1,1,1,1,1,0,1
"121",0,0,0,1,0,1,0,1,0,1,0,0,0,0,0
"122",1,1,1,1,1,0,0,1,0,0,0,1,1,0,0
"123",1,1,1,1,1,0,1,0,1,1,1,1,1,1,1
"124",0,1,0,0,1,0,1,1,1,1,1,1,1,0,1
"125",1,0,1,0,1,0,0,0,1,0,0,0,0,0,0
"126",0,0,0,0,1,0,1,0,0,0,0,0,1,0,0
"127",1,1,1,1,1,0,0,0,0,0,0,1,1,0,1
"128",0,0,0,0,1,0,0,0,1,0,1,0,0,0,1
"129",0,1,0,1,1,1,1,1,0,0,1,1,1,1,1
"130",1,1,1,1,1,1,1,1,1,0,0,0,0,1,1
"131",0,1,0,1,0,0,1,1,1,1,0,1,0,0,1
"132",0,0,1,0,0,0,0,0,1,1,1,1,1,1,1
"133",1,1,1,1,1,1,1,0,1,1,1,1,1,1,0
"134",1,1,0,0,1,1,0,0,1,1,0,0,0,0,0
"135",0,0,0,1,1,0,1,0,0,0,0,0,0,0,1
"136",0,0,0,0,0,0,0,1,1,0,0,0,0,1,1
"137",0,0,0,0,0,0,0,1,0,1,0,1,0,1,1
"138",1,0,1,0,1,0,0,0,1,0,0,1,0,1,1
"139",0,0,1,0,0,1,0,0,1,0,1,1,1,1,0
"140",0,1,0,1,1,1,0,1,0,1,1,1,0,1,1
"141",0,1,1,1,1,0,1,1,1,0,0,0,0,1,0
"142",0,1,1,1,1,1,1,0,1,1,1,1,0,0,1
"143",0,1,1,1,1,1,1,1,0,1,1,1,1,1,1
"144",1,0,0,0,0,0,0,0,0,1,0,1,0,1,1
"145",1,1,1,1,0,0,1,1,1,1,1,1,1,1,0
"146",0,1,1,0,1,0,0,0,0,1,1,0,0,1,0
"147",0,0,0,0,0,0,0,0,0,0,1,1,1,0,1
"148",1,1,1,0,0,1,1,1,1,0,1,1,0,1,0
"149",0,0,0,0,0,0,1,0,0,1,1,1,1,0,1
"150",1,0,0,1,1,1,0,0,1,1,1,1,0,0,1
"151",0,0,0,0,0,1,1,0,1,0,1,1,1,1,0
"152",1,1,1,1,1,1,0,1,1,1,1,1,0,1,0
"153",0,1,1,1,1,0,0,0,0,1,1,1,0,0,1
"154",0,1,1,0,1,0,1,0,1,0,0,0,0,1,0
"155",0,1,0,0,1,0,0,0,1,0,0,0,0,1,1
"156",0,0,1,0,0,0,0,0,0,0,1,1,0,0,0
"157",0,1,0,1,1,0,1,1,0,0,1,0,1,0,1
"158",1,1,0,0,1,0,0,0,0,0,1,0,1,1,0
"159",0,1,1,1,0,1,1,0,1,0,1,0,1,0,0
"160",1,1,0,0,0,0,0,0,1,1,1,0,1,0,1
"161",0,1,0,0,0,0,0,0,0,1,0,0,0,0,0
"162",1,1,0,0,1,0,1,1,1,0,1,0,0,1,0
"163",1,1,0,1,0,1,1,0,1,1,1,1,1,1,0
"164",1,1,1,0,1,1,1,1,1,1,1,1,0,0,1
"165",1,1,1,0,1,0,0,1,1,1,0,1,0,1,1
"166",1,0,0,0,0,0,0,1,1,0,1,0,0,1,1
"167",1,0,1,1,1,1,1,0,0,1,0,1,1,0,0
"168",1,0,1,0,0,1,0,1,0,1,1,0,0,0,1
"169",1,0,0,1,1,1,0,0,1,0,0,0,1,1,1
"170",0,0,0,0,0,0,0,0,0,1,0,0,0,1,1
"171",1,1,1,1,1,1,1,0,1,1,0,1,1,0,0
"172",0,0,0,1,1,0,0,1,0,0,0,0,0,0,1
"173",0,0,0,1,0,0,0,0,0,0,0,1,0,0,1
"174",0,1,1,1,1,1,1,1,0,0,0,0,0,1,1
"175",1,1,1,1,1,1,1,1,1,1,1,1,1,1,1
"176",0,1,1,1,1,1,1,0,0,0,0,0,1,0,1
"177",1,0,0,1,0,0,0,0,0,0,1,0,1,0,0
"178",1,1,1,1,0,1,1,1,1,1,1,1,1,1,1
"179",1,0,0,0,1,1,0,0,0,1,0,0,0,1,0
"180",1,0,0,0,1,0,1,0,0,0,1,1,0,1,0
"181",0,1,1,0,1,1,1,1,1,1,1,1,0,1,0
"182",1,1,1,0,0,0,1,1,1,0,0,1,1,0,0
"183",1,0,0,0,0,1,0,1,1,1,0,0,1,1,0
"184",0,0,1,1,0,1,0,0,1,0,1,1,1,1,1
"185",0,1,1,1,0,1,1,0,1,1,1,1,0,1,0
"186",1,0,0,0,0,0,0,0,1,0,0,0,0,1,0
"187",1,0,0,1,1,1,0,0,1,1,0,1,1,0,0
"188",1,1,0,1,1,1,1,0,1,1,1,1,1,1,1
"189",1,1,1,1,1,1,1,0,1,1,0,0,1,0,1
"190",1,0,0,1,0,1,0,1,1,1,1,1,0,0,1
"191",1,1,1,0,1,0,1,1,1,1,1,0,1,1,1
"192",0,0,0,0,0,0,0,1,0,1,0,0,0,1,0
"193",0,0,0,1,1,1,0,1,1,1,1,1,1,1,0
"194",1,0,0,1,0,1,0,1,0,0,0,0,1,1,1
"195",1,1,0,0,1,0,0,1,1,0,0,1,1,0,1
"196",0,0,0,0,0,1,0,1,1,0,0,0,0,1,1
"197",0,0,0,1,1,0,0,0,0,0,1,0,0,0,0
"198",1,1,1,1,1,0,1,1,1,1,1,0,0,1,1
"199",1,0,0,1,0,1,0,1,0,1,0,1,1,0,1
"200",0,0,1,1,0,0,0,0,0,0,0,1,0,1,0
"201",0,0,0,1,0,0,1,1,1,0,0,1,0,1,0
"202",1,0,0,0,0,0,0,1,1,1,1,0,1,1,1
"203",1,0,0,0,0,0,0,1,1,1,1,0,1,0,1
"204",0,1,1,1,1,0,1,0,1,0,1,1,1,0,0
"205",0,0,1,1,0,0,0,1,0,1,0,0,0,1,0
"206",0,0,1,1,0,0,1,0,1,1,1,1,0,1,0
"207",1,0,1,0,1,0,0,0,1,0,1,1,1,1,0
"208",1,1,0,0,1,1,1,0,1,0,0,0,1,0,0
"209",1,1,1,1,1,1,1,0,1,1,1,1,1,0,1
"210",0,0,0,0,0,1,0,1,1,0,0,0,0,0,0
"211",0,0,0,0,0,0,0,1,0,1,0,0,0,0,1
"212",1,0,1,1,0,0,1,0,1,1,1,1,0,1,1
"213",1,1,1,0,0,1,1,1,1,1,0,0,1,1,1
"214",1,0,1,1,0,0,0,1,0,1,1,1,0,1,0
"215",1,1,1,1,0,1,0,1,1,1,1,1,0,0,1
"216",1,1,1,1,0,1,0,0,1,1,0,0,1,1,1
"217",0,1,1,1,1,0,1,0,1,1,1,0,0,0,0
"218",1,1,1,1,1,1,1,1,1,0,1,1,1,0,1
"219",0,0,0,0,0,0,0,1,1,0,0,1,0,1,1
"220",1,1,1,1,0,1,0,1,1,1,1,1,1,1,0
"221",1,1,1,1,1,1,1,1,1,1,1,1,1,0,1
"222",1,1,1,0,0,1,1,0,1,1,0,1,1,1,0
"223",0,1,0,1,1,0,1,1,1,0,1,0,1,0,1
"224",1,0,0,0,1,0,0,0,1,0,0,0,0,0,0
"225",0,0,0,1,1,1,0,1,0,0,0,1,0,0,1
"226",0,0,1,0,0,1,0,0,0,1,0,1,1,1,0
"227",1,0,1,1,1,1,0,1,1,0,1,1,1,0,0
"228",0,1,0,0,1,0,1,0,1,0,0,0,0,1,1
"229",0,1,0,1,1,0,0,0,0,1,0,0,1,1,1
"230",0,1,0,1,0,0,1,0,1,1,0,1,0,0,1
"231",1,1,1,1,0,1,0,1,1,1,1,1,0,0,1
"232",1,1,1,1,1,1,1,1,1,1,1,1,1,0,1
"233",1,0,0,1,0,0,0,0,1,0,0,1,1,1,0
"234",1,1,1,1,1,0,1,0,0,1,1,1,1,1,1
"235",1,0,0,1,0,0,1,0,1,0,0,0,0,0,0
"236",0,0,0,1,1,1,1,0,0,0,0,0,1,0,0
"237",0,1,1,1,0,1,0,0,0,1,1,1,1,1,1
"238",1,1,1,0,1,1,1,0,1,0,0,1,1,1,1
"239",1,0,1,0,1,1,0,1,1,1,1,1,0,1,0
"240",0,1,0,0,1,0,1,1,1,1,1,0,0,0,0
"241",0,1,0,1,1,0,1,0,1,0,0,0,1,0,0
"242",0,0,0,1,0,0,0,0,0,0,0,1,0,1,1
"243",1,1,0,0,0,0,1,1,0,1,0,0,1,1,0
"244",0,1,0,1,0,1,0,1,0,0,1,1,0,0,1
"245",0,1,1,1,1,0,1,1,1,1,1,0,1,0,0
"246",0,0,0,1,0,1,1,0,0,1,0,0,1,0,0
"247",0,1,1,0,1,0,0,0,0,1,0,1,0,1,1
"248",1,0,0,1,1,0,1,0,1,1,1,0,1,1,0
"249",0,0,0,1,0,1,0,1,0,1,0,1,1,1,1
"250",1,1,1,0,1,1,1,1,1,0,1,1,0,0,1
"251",0,1,0,1,0,0,1,0,1,0,0,0,0,1,0
"252",1,1,1,1,1,1,1,1,1,1,1,1,1,1,1
"253",1,1,1,0,1,1,1,0,1,1,0,1,1,1,1
"254",1,1,1,0,0,0,0,1,1,1,1,1,1,1,0
"255",0,0,1,0,0,0,0,0,1,1,1,0,0,1,0
"256",1,1,0,1,1,1,1,0,1,1,0,1,1,1,1
"257",1,0,0,0,0,0,0,1,1,0,0,0,1,1,1
"258",0,0,0,1,1,0,0,1,0,1,1,1,0,0,1
"259",0,0,1,1,0,1,0,1,1,1,1,0,1,1,0
"260",1,0,0,0,0,1,0,0,0,0,0,0,0,0,0
"261",1,0,1,1,0,1,0,0,0,1,0,1,1,0,0
"262",1,0,1,0,0,1,0,1,1,1,0,1,0,0,0
"263",1,1,1,1,0,0,1,1,1,1,0,1,1,1,1
"264",1,1,1,1,1,1,1,1,1,1,1,1,1,1,0
"265",1,0,1,1,1,1,0,0,0,1,0,1,1,0,0
"266",1,1,1,1,0,1,1,1,0,1,0,1,1,0,1
"267",0,1,1,0,1,0,0,1,0,0,0,1,1,1,1
"268",1,0,0,1,0,0,0,0,0,0,0,1,1,1,1
"269",1,1,1,0,0,1,1,0,1,0,1,1,1,0,0
"270",0,1,1,1,1,1,0,1,1,0,1,1,0,1,0
"271",1,1,1,0,1,0,1,1,1,0,1,0,0,0,1
"272",0,1,1,0,0,1,1,1,1,0,1,1,0,0,0
"273",0,1,1,1,1,1,1,1,1,1,1,1,1,0,0
"274",1,1,1,1,0,1,1,1,1,0,1,1,1,1,0
"275",1,1,1,1,1,0,1,1,1,1,1,1,1,0,1
"276",1,1,0,1,1,0,0,1,1,0,0,0,1,0,1
"277",0,0,0,0,0,0,0,0,0,0,1,1,0,1,1
"278",1,1,1,1,1,0,1,0,0,1,1,0,0,0,1
"279",0,1,0,1,0,0,1,0,1,1,0,0,0,1,0
"280",1,0,0,0,0,0,0,1,0,1,1,1,1,1,1
"281",1,1,1,1,1,1,0,0,1,0,1,1,0,1,0
"282",0,1,1,1,1,1,1,1,1,0,0,1,1,1,0
"283",0,0,0,1,1,0,0,1,1,0,1,0,0,1,1
"284",0,0,0,1,0,0,0,0,0,1,1,1,0,1,1
"285",0,1,1,1,1,0,0,1,1,0,0,0,0,0,1
"286",1,1,1,1,1,1,1,1,1,1,0,1,1,1,1
"287",1,0,0,0,1,0,0,0,1,0,0,0,1,1,1
"288",0,0,0,0,0,0,0,1,0,1,1,0,0,1,1
"289",1,0,1,0,1,0,1,1,0,0,0,0,1,0,1
"290",0,0,0,1,0,0,1,0,0,0,1,0,0,0,1
"291",0,0,1,0,0,1,0,0,0,0,1,1,0,1,1
"292",1,1,0,0,0,1,1,0,1,1,0,0,1,1,1
"293",1,1,1,1,1,0,1,1,0,1,1,1,0,0,1
"294",0,1,1,0,1,1,1,0,1,0,1,1,1,1,1
"295",1,1,1,1,1,1,1,1,1,1,1,1,1,1,0
"296",1,1,0,1,1,1,1,1,0,0,1,0,0,0,0
"297",1,0,1,1,0,0,0,1,0,0,1,0,1,1,1
"298",0,1,1,1,0,1,1,1,0,0,1,1,0,1,1
"299",1,1,1,1,1,1,1,0,1,1,0,1,1,0,0
"300",1,0,0,0,0,0,0,1,1,0,1,0,1,1,0
"301",0,0,0,0,0,1,0,0,0,0,0,1,1,0,1
"302",1,1,1,1,0,0,1,0,1,1,1,1,1,1,1
"303",0,0,0,0,0,0,0,0,0,0,0,0,0,0,0
"304",1,1,1,0,1,0,1,1,0,1,0,0,0,1,0
"305",1,1,1,0,1,1,1,1,1,1,1,0,1,1,1
"306",1,1,0,1,1,0,1,1,1,0,1,0,1,0,0
"307",0,0,0,1,1,0,1,0,0,1,1,0,0,1,0
"308",1,1,1,0,1,0,1,0,1,1,1,0,0,1,1
"309",1,0,0,0,0,0,0,1,0,0,0,0,0,0,0
"310",0,1,0,1,1,0,1,1,0,1,1,1,1,0,0
"311",1,1,1,1,1,0,1,0,1,1,0,1,0,1,0
"312",0,0,0,0,0,0,0,0,1,0,1,1,0,0,0
"313",0,1,1,1,0,1,1,0,1,1,0,0,1,0,1
"314",1,0,0,0,1,0,0,1,1,0,1,1,0,0,0
"315",1,1,1,1,0,0,0,1,1,1,0,0,1,1,0
"316",0,0,1,1,0,1,0,0,0,0,0,0,1,0,0
"317",1,1,1,1,1,0,1,0,1,0,1,1,1,1,1
"318",1,1,1,1,1,0,1,1,1,1,1,1,1,1,1
"319",1,1,1,1,1,1,1,0,1,1,1,1,1,1,1
"320",1,0,0,0,1,0,0,1,1,0,0,0,1,1,0
"321",0,0,0,0,0,0,0,1,0,0,0,0,0,1,0
"322",1,0,0,1,0,0,1,0,1,0,1,1,0,0,1
"323",0,0,0,0,1,0,0,0,1,1,0,1,1,1,0
"324",1,1,1,1,1,1,1,0,1,1,1,1,0,0,0
"325",0,1,1,1,0,1,0,1,1,0,0,1,0,1,0
"326",1,1,1,0,0,1,0,1,1,1,0,1,0,0,0
"327",1,0,0,0,0,1,1,1,0,0,1,1,0,1,0
"328",0,1,1,1,1,1,1,0,1,1,0,1,1,0,0
"329",1,0,1,0,0,1,0,1,1,0,1,1,1,0,0
"330",1,1,0,1,1,1,1,1,1,1,1,1,1,0,0
"331",1,1,0,1,0,1,0,1,0,0,1,1,0,1,1
"332",1,1,0,1,1,1,1,1,1,1,1,1,1,1,1
"333",1,1,1,1,1,1,1,1,1,1,1,1,1,1,1
"334",1,1,1,0,1,1,1,1,1,1,1,1,1,0,0
"335",1,1,1,1,1,1,1,0,1,1,1,1,1,1,1
"336",1,1,1,1,1,1,1,1,1,1,1,0,1,1,1
"337",0,0,0,0,0,0,0,0,0,0,0,0,0,1,0
"338",1,1,1,1,1,1,1,1,1,1,1,1,1,0,1
"339",0,1,1,1,1,1,1,0,0,0,0,0,1,1,0
"340",1,1,1,1,1,1,1,0,0,1,1,1,1,1,1
"341",1,0,0,0,0,0,0,0,1,0,0,0,1,0,0
"342",1,1,1,0,1,1,1,1,0,1,1,0,1,1,0
"343",0,0,0,0,0,0,0,0,0,0,0,0,0,0,1
"344",1,0,1,0,0,0,0,0,1,1,1,0,1,0,1
"345",1,1,1,1,1,1,1,0,0,1,1,1,1,1,1
"346",1,0,1,0,0,1,0,0,0,0,1,1,1,1,0
"347",1,0,0,0,0,1,1,1,1,1,0,0,0,1,1
"348",1,0,0,0,0,1,0,1,1,1,0,0,1,0,1
"349",0,1,0,0,1,1,0,1,1,1,1,1,0,1,0
"350",1,1,1,0,1,1,1,0,1,1,1,1,1,0,1
"351",1,1,1,0,1,1,1,0,1,1,0,0,1,0,1
"352",0,1,1,1,1,1,1,0,1,0,1,0,1,1,0
"353",0,0,0,0,0,0,0,1,0,0,1,0,0,0,0
"354",0,1,0,1,0,1,1,1,1,0,0,0,0,0,0
"355",0,0,1,1,0,0,1,1,0,1,1,1,1,0,1
"356",0,1,1,0,1,1,1,0,1,0,0,0,1,1,1
"357",1,0,0,1,0,0,0,0,0,1,1,0,1,0,1
"358",0,0,1,0,1,1,0,0,0,0,1,1,0,1,1
"359",1,1,1,1,1,1,1,1,1,1,1,1,1,1,0
"360",0,0,0,1,0,0,0,0,0,1,0,1,0,0,0
"361",0,0,1,0,0,1,0,1,0,0,0,1,0,0,0
"362",1,1,1,0,0,0,1,1,0,1,0,0,1,0,1
"363",0,0,0,1,0,0,1,1,0,1,1,1,0,0,1
"364",1,1,1,1,1,1,1,0,0,0,1,1,1,0,1
"365",0,1,0,1,0,1,1,1,1,1,0,1,0,0,0
"366",1,1,1,0,1,1,1,1,1,1,1,1,1,1,1
"367",1,1,1,0,0,1,1,1,1,1,1,1,1,0,1
"368",1,1,1,1,1,1,1,0,0,1,1,0,0,1,1
"369",1,0,0,1,0,1,0,0,0,0,1,1,0,0,1
"370",0,1,1,0,0,0,1,1,1,1,0,1,1,0,1
"371",0,0,0,0,0,0,0,1,0,0,0,0,0,1,0
"372",0,0,0,0,0,1,0,0,0,1,0,1,0,1,1
"373",1,1,1,1,1,1,1,0,1,1,0,1,1,1,1
"374",1,0,0,1,1,0,0,0,1,0,1,0,1,0,0
"375",0,0,1,1,1,0,0,1,0,1,0,0,1,1,0
"376",1,0,0,0,0,1,1,1,1,1,1,0,1,1,1
"377",1,0,1,0,0,1,1,0,1,1,0,1,1,1,1
"378",1,0,1,0,0,1,0,1,1,1,0,1,1,1,1
"379",0,1,1,1,1,1,1,1,1,0,1,0,0,1,0
"380",1,0,0,1,0,0,1,1,0,0,1,0,0,0,0
"381",0,1,1,0,0,0,1,1,1,1,0,1,0,0,0
"382",1,0,0,1,0,1,0,1,0,1,0,1,0,1,1
"383",1,0,0,1,0,1,1,1,1,1,1,1,1,1,1
"384",1,1,0,1,1,1,1,1,1,1,1,1,1,1,0
"385",1,1,1,1,1,1,1,1,1,1,1,1,1,1,1
"386",1,1,1,1,1,1,1,0,0,1,0,0,1,0,1
"387",0,1,1,1,1,1,1,0,1,0,1,1,1,0,1
"388",0,0,0,0,1,0,0,0,1,0,0,0,0,1,0
"389",0,0,0,1,0,0,0,0,0,0,0,0,0,0,1
"390",1,1,1,0,0,0,1,1,1,1,0,1,1,1,1
"391",0,1,0,1,0,1,0,1,0,1,1,1,0,0,1
"392",1,1,1,1,1,1,1,0,1,1,0,0,1,1,1
"393",1,0,0,0,0,0,0,1,0,0,0,0,0,1,0
"394",1,1,1,0,0,1,1,1,1,1,0,1,1,1,1
"395",1,0,0,0,0,1,0,1,0,0,0,0,1,0,1
"396",0,0,0,1,1,0,0,1,1,1,1,1,1,1,0
"397",1,0,0,0,0,1,0,1,1,0,0,1,1,0,1
"398",1,1,1,1,1,1,1,1,0,1,1,1,1,0,1
"399",1,1,1,0,1,0,1,0,1,0,0,1,1,0,1
"400",0,0,0,0,0,0,0,0,0,0,0,0,1,0,0
"401",0,0,0,0,0,0,0,1,0,0,0,0,0,1,0
"402",1,0,0,0,0,0,0,1,1,0,0,0,1,1,0
"403",0,1,1,0,0,1,1,1,0,1,1,1,0,0,0
"404",0,0,0,1,1,1,0,0,0,0,0,0,1,0,0
"405",0,0,0,0,0,0,0,1,0,0,0,0,0,0,0
"406",1,1,1,0,0,1,1,0,0,0,0,0,0,0,0
"407",0,0,0,1,0,0,0,1,0,0,0,0,0,0,0
"408",0,0,0,0,1,0,0,0,0,0,1,1,0,1,0
"409",1,1,1,0,1,1,1,1,1,1,1,1,1,0,0
"410",1,1,1,0,0,1,1,0,1,0,0,1,1,1,1
"411",0,0,0,0,0,0,0,1,0,0,0,1,0,1,0
"412",1,1,1,1,1,1,1,0,0,1,1,1,1,1,1
"413",1,1,1,1,1,0,0,1,1,1,1,1,1,1,1
"414",1,1,1,0,1,1,1,0,1,1,0,0,1,0,1
"415",0,0,0,1,0,0,0,0,0,0,0,0,0,1,0
"416",0,0,0,1,0,0,0,0,1,1,0,0,1,0,0
"417",1,0,0,0,0,1,0,0,0,0,0,0,1,1,1
"418",0,0,0,0,0,0,1,0,0,0,0,0,0,0,0
"419",0,1,0,0,1,0,0,0,1,0,0,0,0,0,0
"420",1,0,0,0,0,0,0,1,0,0,1,0,0,1,0
"421",0,0,1,0,1,0,0,0,0,0,0,0,0,1,1
"422",0,0,1,1,0,0,0,0,1,1,1,1,1,1,1
"423",0,1,1,0,1,0,1,0,1,1,0,0,0,0,1
"424",1,0,0,0,0,1,0,0,1,0,1,0,0,0,1
"425",1,0,1,1,1,1,0,1,1,1,1,1,1,1,1
"426",1,0,0,0,0,0,0,0,0,1,0,0,0,0,0
"427",1,1,1,0,1,0,1,1,0,0,1,1,0,1,1
"428",1,1,0,0,1,0,1,0,0,0,1,0,0,0,0
"429",0,0,0,0,0,0,0,1,0,0,1,0,0,1,1
"430",1,1,0,0,1,0,0,1,0,0,1,0,0,1,0
"431",1,1,1,0,1,1,1,1,1,0,0,0,1,1,0
"432",0,1,1,0,1,0,1,1,1,0,1,0,0,0,1
"433",0,0,0,1,0,0,0,0,0,0,0,0,0,1,0
"434",1,1,1,1,1,1,1,1,1,1,1,1,1,1,0
"435",0,1,1,1,1,0,1,0,0,0,1,1,0,0,0
"436",0,0,0,1,1,0,0,0,0,0,1,0,1,1,0
"437",1,1,1,1,1,1,1,1,1,1,1,1,1,1,0
"438",0,0,0,0,0,0,0,1,0,0,0,0,0,0,1
"439",0,0,0,1,0,0,0,1,0,1,1,0,1,1,1
"440",1,1,1,1,0,1,0,0,1,1,1,1,1,1,1
"441",1,1,1,1,1,1,1,0,1,1,1,1,1,1,1
"442",0,0,0,0,0,0,0,0,0,1,0,0,0,1,0
"443",1,1,1,1,1,0,1,0,1,0,1,0,1,0,0
"444",1,0,0,0,0,1,0,1,1,1,0,1,0,0,0
"445",0,0,0,1,0,0,1,1,1,0,0,0,1,0,0
"446",0,1,1,1,1,0,0,1,0,1,1,1,0,1,1
"447",1,1,1,1,1,0,0,1,1,0,0,1,1,1,1
"448",1,1,1,1,1,1,0,1,1,0,0,1,1,0,0
"449",0,0,0,0,0,0,1,0,0,0,0,0,0,1,0
"450",1,1,1,1,1,1,0,1,1,1,1,1,1,1,1
"451",1,0,0,1,0,0,1,0,1,0,1,1,1,0,0
"452",1,1,1,1,1,1,0,0,0,1,0,1,1,0,1
"453",0,0,0,0,0,0,1,0,0,0,0,0,0,0,0
"454",0,0,0,1,0,0,0,1,0,1,0,1,0,1,0
"455",1,0,0,0,1,1,0,1,0,0,0,0,0,0,0
"456",0,0,0,0,1,0,0,0,1,1,1,0,1,1,0
"457",0,1,0,0,1,1,1,0,0,1,1,1,0,1,0
"458",0,0,0,0,0,0,0,1,1,0,0,0,0,0,0
"459",0,0,0,1,0,1,0,0,0,0,0,0,0,0,0
"460",0,1,0,1,0,0,1,0,1,0,1,0,1,1,1
"461",0,0,0,1,0,0,0,0,0,1,1,0,0,0,0
"462",1,1,1,0,1,0,1,0,1,1,1,0,0,0,1
"463",0,0,0,0,0,1,0,1,0,0,0,1,1,1,0
"464",0,1,0,0,1,0,0,1,1,1,0,1,0,0,0
"465",0,0,0,1,1,1,0,1,0,1,0,0,0,0,1
"466",1,0,1,0,0,1,0,0,0,0,1,1,0,1,1
"467",0,1,1,1,1,1,1,1,1,1,1,1,1,0,0
"468",1,1,1,1,1,1,1,1,1,1,0,0,1,0,0
"469",0,0,0,0,0,1,0,0,1,1,0,1,1,1,0
"470",1,1,0,0,1,0,1,0,1,1,0,0,1,0,0
"471",0,0,0,0,0,0,0,1,0,1,1,0,0,0,1
"472",0,1,1,1,1,1,1,1,1,0,1,1,1,1,0
"473",1,1,1,0,1,1,1,0,1,1,0,1,1,0,1
"474",0,0,0,0,0,0,0,0,0,0,0,0,0,1,0
"475",0,1,1,1,1,0,0,1,1,0,0,0,0,0,0
"476",1,0,0,0,0,0,0,1,0,0,0,0,1,1,0
"477",0,0,1,0,1,0,0,1,0,0,1,0,1,0,1
"478",1,1,1,1,1,0,1,0,1,0,1,0,1,1,0
"479",0,0,0,0,1,0,0,0,0,0,1,1,0,1,1
"480",1,1,1,1,0,0,1,0,1,0,1,1,0,1,1
"481",0,1,1,0,1,0,1,0,1,1,1,0,0,1,0
"482",0,1,1,1,1,1,1,1,0,0,1,0,0,1,1
"483",0,0,0,0,1,1,0,1,1,1,1,0,1,0,1
"484",1,1,1,1,1,0,1,0,1,0,0,0,1,1,1
"485",0,0,1,1,1,1,1,0,1,1,1,1,1,0,1
"486",0,0,0,1,0,0,0,1,0,0,1,1,0,1,1
"487",1,1,1,0,1,1,1,1,1,1,1,0,1,1,0
"488",1,0,0,1,1,0,0,0,1,0,0,0,1,0,0
"489",1,0,0,1,0,0,0,1,0,0,0,0,0,0,1
"490",1,0,0,1,0,1,0,0,0,1,1,0,0,0,1
"491",0,1,1,1,1,1,1,1,1,0,0,1,1,1,1
"492",1,0,1,1,1,1,1,1,1,0,1,1,1,1,1
"493",1,1,0,1,0,1,1,0,1,0,1,1,1,1,0
"494",0,0,0,0,0,0,0,1,0,0,0,0,0,1,1
"495",0,0,0,1,1,1,0,0,0,0,1,1,1,1,1
"496",1,1,1,0,1,1,1,0,1,0,0,0,1,1,1
"497",1,1,1,1,1,1,1,1,1,1,1,0,0,0,1
"498",0,0,0,0,1,1,0,0,1,1,1,1,0,1,1
"499",1,1,1,1,1,1,1,1,1,1,1,1,1,1,0
"500",1,1,1,0,1,1,1,0,0,1,0,0,1,1,1
"501",0,0,0,1,0,1,0,0,0,0,0,1,0,0,0
"502",1,1,0,1,1,1,1,1,1,1,0,0,1,1,1
"503",0,0,0,0,0,0,0,0,0,0,0,0,0,0,0
"504",0,1,0,1,1,1,1,1,0,0,0,1,1,1,1
"505",1,1,1,1,1,0,1,1,1,0,1,1,0,1,1
"506",0,1,1,0,1,1,1,0,1,0,0,1,0,1,1
"507",1,1,1,0,1,1,1,0,1,0,1,1,1,1,0
"508",1,1,1,0,0,0,1,0,1,0,1,0,0,1,0
"509",0,0,1,0,1,1,0,0,1,1,1,1,1,1,1
"510",1,1,1,0,1,0,1,0,0,0,1,0,1,1,1
"511",0,0,0,1,0,0,0,0,0,0,0,1,0,0,0
"512",0,0,0,0,1,0,0,1,0,0,1,0,0,1,1
"513",0,1,1,1,1,1,1,1,1,1,1,1,1,0,1
"514",0,1,1,0,1,0,1,1,0,0,0,0,0,1,0
"515",1,0,0,1,0,1,0,0,0,1,0,0,0,0,1
"516",0,1,0,0,1,0,1,1,1,1,1,1,0,1,1
"517",0,1,1,0,0,0,1,0,1,0,1,0,1,1,0
"518",1,1,1,1,1,1,1,1,1,1,1,1,1,1,1
"519",1,1,0,1,1,1,1,0,1,1,1,0,1,1,0
"520",0,1,0,1,1,0,1,1,1,1,0,0,0,1,0
"521",1,0,0,0,0,1,0,1,0,0,1,1,1,0,1
"522",0,1,1,0,1,1,0,1,1,0,0,1,1,0,1
"523",1,1,0,1,0,0,0,1,0,0,1,1,1,0,0
"524",1,1,1,1,1,1,1,1,1,0,0,1,0,0,1
"525",1,1,0,1,1,0,1,0,1,1,0,1,0,0,0
"526",0,0,1,0,0,1,0,1,0,1,1,1,0,0,1
"527",0,1,1,0,1,1,1,0,0,1,1,1,0,1,1
"528",1,1,1,1,1,1,1,0,1,1,1,1,1,1,1
"529",1,1,1,0,1,1,1,0,1,1,0,1,1,1,0
"530",0,1,1,0,1,1,0,1,1,1,1,0,1,0,1
"531",1,1,1,0,1,1,1,1,0,1,1,0,1,1,0
"532",0,0,0,0,0,0,0,1,0,0,0,0,0,0,1
"533",0,1,0,1,1,0,1,0,0,1,0,1,0,0,1
"534",1,1,1,0,1,1,0,1,1,1,1,1,1,0,1
"535",0,0,0,0,0,1,1,1,0,0,0,0,0,1,0
"536",0,0,0,0,0,0,0,1,0,1,0,0,0,0,0
"537",1,1,1,0,1,1,1,1,1,0,1,1,1,1,1
"538",1,1,1,0,1,0,0,0,1,1,1,1,1,1,1
"539",0,1,1,1,1,1,1,0,1,1,1,1,1,0,1
"540",1,1,1,1,1,1,0,0,1,0,1,1,1,1,1
"541",0,1,1,0,1,0,0,1,0,0,0,0,0,1,0
"542",0,0,0,1,0,0,1,1,0,0,0,0,0,1,0
"543",1,0,0,0,1,0,1,0,1,0,0,0,1,0,0
"544",0,0,0,0,0,1,0,0,0,1,0,0,0,1,0
"545",0,0,0,0,0,0,0,0,1,0,0,0,0,0,0
"546",0,1,0,1,1,0,1,0,0,0,1,1,1,1,0
"547",0,0,0,0,1,0,0,0,0,1,1,1,0,1,1
"548",1,1,0,1,1,1,1,1,1,1,1,1,1,1,1
"549",0,1,1,1,1,1,1,0,1,0,1,1,0,1,1
"550",0,1,0,0,1,0,1,1,0,1,1,0,0,1,0
"551",0,0,0,1,0,0,0,0,1,1,0,1,1,1,0
"552",1,1,1,1,1,1,1,0,1,1,1,0,1,1,0
"553",1,1,1,1,1,1,1,0,0,1,0,0,1,0,0
"554",0,1,1,1,0,1,0,0,1,0,1,0,0,0,0
"555",1,0,0,0,0,1,0,0,1,1,1,0,0,1,0
"556",0,1,1,0,1,1,1,0,1,1,1,0,0,0,0
"557",0,1,1,0,0,1,0,0,1,1,0,1,0,1,1
"558",1,1,1,1,1,1,1,0,1,1,1,1,1,1,1
"559",1,1,1,0,0,0,1,1,1,1,1,1,1,1,0
"560",1,1,1,0,1,1,1,1,1,1,1,0,1,1,0
"561",0,0,0,0,0,1,0,1,1,0,1,1,1,0,1
"562",0,1,1,0,1,0,1,1,1,1,0,0,1,0,0
"563",0,1,1,0,1,0,1,1,0,1,1,1,0,0,1
"564",0,1,1,1,1,1,0,1,1,1,0,1,1,0,0
"565",1,1,1,1,1,1,1,0,1,1,1,1,1,1,1
"566",0,0,0,0,0,0,1,1,0,0,0,1,0,0,1
"567",1,0,0,0,0,0,0,0,0,0,0,0,0,0,0
"568",0,1,0,1,1,1,1,1,0,1,0,1,1,1,1
"569",0,1,1,0,1,1,0,0,1,1,0,0,1,1,0
"570",0,0,0,0,1,0,0,1,0,0,1,1,0,1,1
"571",1,0,0,0,0,0,0,0,1,0,0,1,0,1,0
"572",0,0,0,1,0,0,0,1,0,1,1,0,0,0,0
"573",0,1,1,0,1,1,1,1,1,1,1,1,1,1,0
"574",1,0,0,0,0,0,1,1,0,0,0,0,1,0,1
"575",1,0,0,0,1,0,0,0,1,0,1,0,0,0,0
"576",0,0,1,1,0,0,0,1,1,0,1,0,0,0,0
"577",0,0,0,0,0,0,0,1,0,1,1,0,0,1,1
"578",0,1,1,1,1,1,1,0,0,0,0,0,1,1,1
"579",0,1,1,1,1,1,1,1,0,1,1,0,1,1,1
"580",1,1,1,0,1,1,1,1,1,1,1,1,1,1,1
"581",0,0,0,0,0,0,0,1,0,1,0,0,0,0,1
"582",1,1,1,0,1,0,1,1,0,1,1,1,1,1,1
"583",1,1,1,1,1,1,1,1,1,1,1,1,1,0,1
"584",1,1,1,1,0,1,1,1,1,1,1,1,1,1,1
"585",1,1,1,0,1,0,1,0,1,1,1,1,1,1,1
"586",0,1,1,1,1,0,1,1,1,1,1,0,0,1,1
"587",0,0,0,1,0,1,1,0,0,1,1,1,1,0,0
"588",1,1,1,0,1,1,1,1,1,0,0,0,1,1,1
"589",0,0,0,1,1,0,0,1,0,0,1,0,0,0,1
"590",1,0,0,0,0,0,0,1,1,0,0,0,0,0,1
"591",0,1,1,0,0,0,0,1,0,1,0,0,0,0,1
"592",0,0,0,0,0,1,0,0,0,0,1,0,1,1,1
"593",1,1,1,1,1,0,1,1,0,1,0,1,1,1,1
"594",0,1,1,1,1,1,1,1,1,1,0,1,0,1,1
"595",1,1,1,0,0,1,1,1,1,1,0,1,1,1,0
"596",0,0,0,1,0,0,0,0,0,1,0,1,0,0,0
"597",0,1,1,1,1,1,1,1,1,1,0,1,1,0,1
"598",1,0,0,1,1,1,0,0,0,1,1,0,0,1,0
"599",1,1,1,1,1,1,1,1,1,0,1,1,1,1,1
"600",1,0,0,0,0,0,0,0,0,0,0,1,0,0,1
"601",0,1,0,0,1,0,1,0,1,0,0,0,1,0,1
"602",0,0,0,0,0,1,0,0,0,0,0,0,0,1,0
"603",0,0,0,0,0,1,0,1,0,1,1,1,0,0,1
"604",1,1,1,1,1,0,1,1,1,0,0,1,1,1,1
"605",0,0,1,1,1,1,1,0,0,1,1,1,1,1,1
"606",1,1,1,1,1,1,1,1,1,1,1,0,1,1,1
"607",0,0,1,0,0,1,0,0,1,1,0,0,1,1,0
"608",1,0,1,1,0,1,1,1,0,0,1,1,0,1,0
"609",0,0,0,0,1,0,0,1,1,0,0,0,0,0,1
"610",1,1,0,0,0,1,0,0,0,1,1,0,0,1,0
"611",0,0,1,0,0,1,1,0,1,0,1,1,1,0,0
"612",1,0,1,1,0,0,1,1,1,0,1,0,1,0,1
"613",0,1,1,0,1,1,1,0,1,1,1,0,1,0,1
"614",0,0,0,0,0,1,0,0,0,0,0,0,0,1,0
"615",1,0,0,0,0,0,0,1,0,0,1,0,0,1,0
"616",1,1,1,1,1,1,1,0,1,1,0,1,1,1,1
"617",0,1,0,1,1,1,1,0,1,1,1,0,1,1,1
"618",0,0,0,1,1,0,0,0,1,0,1,0,0,0,1
"619",0,0,0,1,0,1,1,0,0,1,1,0,1,0,1
"620",0,0,1,0,0,1,0,1,1,0,1,0,1,0,1
"621",1,1,1,1,1,0,1,1,0,1,1,1,1,1,0
"622",0,1,1,1,1,0,1,0,1,1,1,1,1,1,1
"623",1,1,0,1,1,1,0,0,1,1,1,1,1,0,0
"624",0,1,1,1,1,1,1,1,1,0,0,1,1,1,1
"625",0,0,0,1,1,1,1,0,0,1,1,1,0,1,1
"626",0,1,1,0,1,1,1,1,1,1,0,0,1,0,0
"627",0,0,0,0,0,0,0,0,0,1,0,1,0,0,0
"628",1,0,1,1,0,1,1,0,0,0,0,0,0,0,1
"629",0,1,1,0,0,1,1,1,0,1,1,1,1,0,1
"630",1,0,1,0,0,1,0,1,1,1,0,0,1,1,0
"631",0,1,1,0,1,1,1,0,0,1,1,1,0,1,1
"632",1,0,1,0,0,1,0,0,0,0,0,0,1,0,1
"633",1,1,1,1,1,0,1,0,1,0,1,0,1,1,1
"634",0,1,1,0,0,1,0,0,0,0,0,1,0,0,1
"635",0,0,0,0,0,1,0,1,0,1,1,1,0,0,0
"636",1,1,1,1,1,1,1,0,1,1,0,1,0,0,1
"637",1,1,1,1,1,1,1,0,1,0,1,1,1,1,0
"638",0,0,0,0,0,0,0,1,0,0,0,0,1,0,0
"639",0,0,1,0,0,1,0,0,0,0,1,1,0,1,0
"640",0,0,0,0,0,0,0,1,0,1,0,1,1,1,0
"641",0,1,0,0,1,0,1,1,0,0,1,1,0,0,1
"642",1,1,1,1,0,0,0,0,1,1,1,1,1,1,1
"643",0,1,1,1,1,1,1,1,1,1,0,0,1,1,1
"644",1,1,1,1,1,1,1,0,1,1,1,1,1,0,1
"645",1,0,0,0,0,0,1,1,0,1,1,0,1,0,0
"646",0,1,1,1,1,1,0,1,0,1,1,1,0,0,1
"647",1,0,0,0,0,1,1,0,0,1,1,1,1,1,1
"648",1,1,0,0,0,0,0,0,1,0,0,0,1,0,0
"649",1,0,0,0,0,0,1,1,0,1,1,1,0,0,0
"650",1,1,1,1,1,1,0,0,1,1,0,0,1,1,0
"651",0,0,0,0,0,0,1,1,0,0,0,1,0,1,1
"652",1,0,0,0,0,0,0,0,1,1,0,0,0,0,0
"653",1,0,0,1,1,1,0,1,0,0,1,1,1,1,1
"654",0,0,0,1,0,0,0,1,0,1,0,0,0,0,1
"655",1,1,1,1,1,1,1,1,0,1,1,0,1,1,1
"656",0,0,0,1,0,1,0,1,1,1,0,1,1,1,1
"657",0,0,0,1,0,0,0,1,1,1,0,1,0,1,0
"658",0,0,0,1,1,0,1,0,0,1,1,0,0,0,1
"659",1,1,1,0,1,1,1,0,1,1,1,1,1,0,1
"660",1,1,1,0,1,0,1,1,1,0,0,1,0,0,1
"661",1,1,0,0,1,1,1,1,0,1,0,1,0,1,1
"662",0,1,1,1,1,1,0,1,1,1,1,1,1,1,1
"663",0,1,0,0,1,0,1,0,1,0,0,0,0,0,1
"664",1,1,1,1,1,1,0,1,1,1,1,1,1,1,1
"665",1,1,1,1,1,1,1,1,1,0,0,1,0,1,1
"666",0,1,0,1,0,0,1,1,1,0,0,0,1,0,1
"667",0,0,0,0,1,0,1,1,0,0,1,1,1,1,1
"668",0,0,0,0,0,0,1,0,0,0,0,0,0,0,0
"669",0,0,0,0,0,0,0,1,0,1,0,0,0,0,1
"670",1,1,0,1,0,1,0,0,1,1,1,0,1,1,1
"671",0,1,1,0,1,1,0,1,1,0,1,1,0,0,0
"672",1,1,1,0,1,1,1,0,1,1,0,0,1,0,1
"673",0,0,0,1,1,0,0,1,0,0,0,1,1,0,1
"674",1,0,0,1,1,0,1,0,1,1,1,0,0,0,1
"675",0,0,1,1,1,0,0,1,0,0,0,0,0,0,1
"676",0,1,1,1,0,1,1,0,1,1,1,1,1,0,1
"677",1,1,1,1,1,1,1,1,0,0,1,1,1,0,1
"678",1,1,1,0,0,0,1,0,1,1,1,0,1,0,1
"679",0,0,0,1,1,1,0,0,0,0,1,1,0,0,1
"680",1,1,1,0,0,0,1,1,1,0,0,0,0,0,0
"681",0,0,0,0,0,0,0,1,0,0,0,0,0,0,1
"682",0,0,0,1,0,0,0,1,0,0,0,0,1,0,1
"683",1,1,1,0,1,1,1,0,1,1,1,0,1,0,1
"684",1,0,0,0,0,1,0,0,0,1,0,0,0,0,1
"685",0,0,0,0,0,0,0,1,1,0,0,1,1,1,1
"686",0,0,0,0,0,0,0,1,0,0,1,0,0,1,0
"687",0,0,0,1,1,1,0,1,1,1,1,0,1,1,1
"688",1,1,1,1,1,1,1,1,1,0,0,0,1,1,1
"689",0,0,0,0,1,0,1,0,1,0,0,1,1,0,0
"690",0,1,1,1,1,0,1,1,1,1,1,1,0,0,1
"691",0,0,0,0,1,0,0,0,1,0,1,0,1,1,0
"692",0,0,1,1,0,1,0,0,0,1,1,0,1,1,1
"693",1,1,1,1,0,1,1,1,1,1,1,1,1,1,1
"694",1,0,0,1,0,0,0,1,1,0,0,0,1,0,0
"695",0,0,0,0,1,1,0,0,0,0,1,1,0,1,1
"696",0,1,1,0,1,0,1,0,1,0,1,0,0,0,1
"697",0,0,0,0,0,0,0,0,0,0,0,0,0,0,1
"698",1,1,0,1,1,0,1,0,0,1,0,0,0,0,1
"699",0,0,1,1,1,1,0,0,0,1,1,1,0,1,1
"700",0,1,1,0,0,1,0,1,1,1,0,1,1,0,0
"701",0,1,1,1,0,0,1,1,1,0,1,1,0,0,1
"702",0,0,0,0,0,0,1,1,0,0,0,0,0,0,1
"703",1,1,1,1,1,1,0,1,1,0,1,1,1,0,0
"704",1,1,1,1,1,1,0,1,1,1,1,1,0,1,1
"705",1,1,1,1,1,1,1,0,1,1,1,0,1,0,1
"706",1,0,0,0,0,0,1,0,0,1,1,1,0,1,1
"707",0,0,0,1,1,0,1,1,0,1,0,0,0,1,0
"708",0,0,0,0,0,0,0,1,0,0,0,0,0,1,0
"709",0,0,1,1,0,0,1,1,1,1,1,1,0,0,0
"710",0,0,0,1,1,1,1,1,0,0,0,1,1,0,0
"711",0,1,1,1,1,1,1,1,0,0,1,0,0,1,1
"712",1,1,0,0,1,0,1,0,1,1,1,0,1,1,0
"713",1,1,0,1,0,1,1,1,1,0,0,1,1,0,1
"714",0,0,0,1,0,1,1,0,0,0,0,1,0,1,1
"715",0,1,1,0,0,1,1,0,0,1,1,1,0,1,0
"716",1,1,1,1,0,1,1,0,1,1,1,1,1,1,1
"717",1,1,1,1,1,1,1,1,1,1,1,0,0,0,0
"718",1,1,1,1,0,0,1,1,1,1,1,0,1,1,0
"719",1,0,0,1,1,1,1,1,0,0,1,1,1,1,1
"720",1,1,1,1,1,1,1,0,1,1,1,1,0,0,1
"721",0,0,0,0,0,0,1,0,1,0,0,0,0,0,1
"722",0,0,0,0,0,0,0,0,0,0,1,1,0,1,0
"723",0,0,0,0,1,1,0,0,1,0,0,0,0,0,0
"724",1,0,0,0,0,0,0,0,0,0,0,0,0,0,1
"725",1,1,0,1,1,1,1,1,0,1,0,1,1,1,1
"726",0,1,0,1,1,0,1,0,1,0,1,1,1,1,1
"727",1,1,1,1,1,1,1,0,1,0,1,1,1,1,0
"728",0,1,1,1,1,1,1,0,1,0,1,1,1,1,1
"729",1,1,0,1,0,1,1,0,0,0,0,1,0,0,1
"730",1,0,0,1,1,1,1,1,1,0,0,1,0,0,0
"731",0,1,1,0,1,0,1,1,0,0,0,1,1,0,0
"732",1,0,0,0,0,1,1,0,0,1,1,1,1,1,0
"733",1,1,0,0,0,0,1,0,0,0,0,1,0,0,1
"734",1,1,1,1,1,1,1,0,1,1,1,1,1,0,0
"735",1,1,1,1,1,1,1,1,1,1,1,0,1,0,0
"736",1,0,1,1,0,1,0,1,1,1,1,1,0,0,1
"737",1,1,1,0,0,1,1,1,1,1,1,1,1,1,0
"738",1,1,1,0,1,1,0,1,1,1,1,1,0,1,1
"739",1,1,1,1,1,0,1,0,1,1,1,1,0,0,1
"740",0,0,0,0,0,0,0,1,1,0,0,0,0,0,0
"741",0,0,0,0,0,1,0,1,0,0,1,1,0,1,1
"742",1,1,1,1,1,1,1,0,1,1,1,0,1,1,1
"743",1,1,1,0,1,1,1,1,1,0,0,1,1,0,0
"744",0,0,0,0,0,0,0,1,0,0,0,0,0,0,0
"745",0,0,0,0,0,0,0,1,0,1,1,1,0,0,0
"746",1,0,1,1,1,1,1,1,1,0,0,0,0,1,1
"747",0,1,0,0,0,0,0,0,1,0,1,0,0,0,0
"748",0,0,0,1,0,0,0,0,0,1,0,0,0,0,1
"749",1,1,1,0,1,1,1,1,0,0,1,1,0,0,1
"750",0,0,0,1,0,0,0,1,0,0,0,0,1,0,1
"751",0,0,0,0,0,0,0,1,0,0,1,1,0,1,1
"752",0,0,0,0,1,1,1,0,1,1,0,0,1,1,1
"753",1,1,1,0,1,0,0,0,0,0,1,0,0,0,1
"754",1,1,1,0,1,1,0,0,1,0,1,0,0,1,1
"755",1,1,1,1,1,0,0,0,1,1,1,1,0,1,1
"756",1,1,1,1,1,1,1,1,1,1,1,0,0,1,1
"757",1,1,1,1,0,1,1,0,1,1,0,1,1,0,0
"758",0,0,1,1,0,1,0,0,1,0,1,1,0,0,0
"759",1,1,1,1,0,1,1,1,1,1,1,1,0,1,1
"760",1,1,1,0,1,1,1,0,1,1,0,1,1,0,1
"761",1,1,1,1,1,1,1,0,1,1,1,0,1,1,1
"762",0,0,0,1,0,0,0,1,0,0,1,1,0,0,0
"763",1,0,0,0,1,1,0,0,1,1,0,0,1,1,0
"764",0,0,0,1,0,0,0,1,0,1,0,0,0,0,0
"765",1,1,1,1,1,1,1,1,1,1,1,0,1,1,1
"766",1,1,1,1,1,1,1,1,1,0,0,1,1,1,1
"767",0,0,0,0,0,0,0,1,1,0,1,0,0,0,0
"768",1,0,0,0,0,0,0,0,0,0,1,0,0,0,1
"769",0,1,1,0,1,0,1,1,1,1,0,1,1,0,0
"770",0,0,0,0,1,1,0,1,1,0,1,0,1,1,1
"771",0,0,0,0,1,0,0,0,0,0,1,0,0,0,1
"772",0,0,0,1,0,0,0,1,1,0,0,0,0,0,1
"773",0,1,1,1,1,0,0,1,0,0,0,0,0,0,0
"774",1,1,1,0,0,1,1,0,1,1,1,1,0,0,1
"775",1,0,0,0,0,0,0,0,0,1,1,1,1,1,1
"776",0,1,1,0,1,1,1,1,1,1,1,1,1,1,0
"777",0,1,1,0,1,1,1,0,1,0,1,0,1,0,0
"778",1,1,1,1,0,0,1,1,1,1,0,1,1,1,1
"779",1,0,0,0,1,0,0,0,1,0,0,0,0,0,0
"780",1,1,0,0,1,0,1,0,0,0,1,0,0,0,1
"781",0,0,1,1,1,0,0,1,0,1,1,1,0,1,1
"782",0,1,1,0,1,0,1,0,1,0,0,1,0,0,1
"783",0,0,1,1,0,0,0,0,0,1,1,1,0,1,0
"784",1,0,0,1,1,1,0,1,1,0,0,0,0,1,0
"785",0,0,0,0,1,0,0,0,0,1,1,1,0,1,1
"786",0,1,1,0,1,1,1,1,0,0,1,1,1,1,1
"787",1,0,1,1,0,1,0,0,1,1,0,1,1,1,0
"788",0,1,1,1,0,1,1,1,1,1,1,1,1,1,0
"789",1,1,0,1,1,0,0,0,1,0,0,1,1,0,1
"790",1,0,1,0,0,0,0,0,1,1,1,1,0,1,0
"791",1,1,1,0,0,1,1,1,1,0,1,1,1,0,1
"792",0,1,0,1,1,0,1,1,0,1,0,0,0,0,1
"793",1,1,1,1,1,1,1,0,1,1,1,1,1,1,1
"794",1,1,1,1,1,1,1,1,0,1,1,1,0,0,1
"795",1,1,1,0,1,1,1,0,1,1,1,1,1,1,0
"796",0,0,0,0,0,1,1,0,0,0,1,0,1,1,1
"797",1,1,1,1,1,1,1,1,1,0,0,1,1,0,1
"798",1,1,1,1,1,1,0,0,1,1,1,1,1,1,1
"799",1,1,1,1,1,1,0,1,0,1,1,1,1,1,1
"800",0,1,0,0,0,0,1,1,0,1,0,0,1,1,0
"801",1,1,1,0,1,0,1,0,1,1,1,1,1,0,1
"802",0,1,1,0,0,0,0,1,0,1,1,1,0,0,0
"803",1,1,1,1,1,0,1,0,1,1,1,1,1,0,0
"804",0,1,0,1,0,0,1,1,1,0,1,0,1,0,0
"805",1,1,1,0,1,1,1,0,0,0,0,0,1,0,0
"806",0,1,0,0,0,0,0,0,0,0,0,0,0,0,0
"807",1,0,0,0,0,1,0,1,0,1,0,1,0,0,1
"808",1,1,1,0,1,1,1,1,1,1,0,0,0,0,1
"809",0,0,0,0,0,0,0,1,0,0,1,1,0,0,0
"810",0,0,0,1,0,0,0,1,0,1,1,1,0,1,0
"811",1,1,1,1,0,1,1,0,1,1,1,1,1,1,1
"812",1,1,1,1,1,1,1,0,1,0,1,1,1,1,1
"813",1,1,1,1,1,1,1,0,1,1,0,0,1,0,0
"814",0,0,0,0,0,1,0,0,0,0,0,0,0,1,1
"815",0,0,1,1,1,0,0,0,0,1,0,1,1,1,0
"816",0,0,0,0,0,0,0,1,0,0,0,0,1,0,0
"817",0,1,1,1,0,0,1,0,0,1,1,0,0,0,1
"818",1,0,0,0,1,0,1,0,0,1,0,0,0,0,0
"819",1,0,1,0,1,1,1,0,1,1,1,1,1,0,1
"820",1,1,0,1,0,1,1,1,1,1,1,1,1,1,1
"821",1,1,0,1,0,1,1,0,0,1,0,0,1,0,1
"822",1,1,1,1,0,1,1,0,1,1,1,1,1,1,1
"823",1,1,0,1,0,0,1,0,0,0,0,0,1,0,0
"824",0,0,0,1,0,0,1,1,0,0,0,0,0,0,0
"825",0,0,0,1,0,1,0,1,1,0,1,0,0,0,1
"826",0,1,0,1,0,1,1,0,1,0,1,1,0,0,1
"827",1,0,0,1,1,0,0,1,1,1,1,0,0,0,1
"828",1,0,1,0,1,0,0,0,0,1,1,1,0,1,0
"829",0,1,1,1,0,0,1,1,1,1,1,1,0,1,1
"830",1,1,1,1,1,1,1,0,1,1,1,1,1,1,1
"831",1,1,1,1,0,1,0,1,0,1,0,0,1,1,1
"832",1,1,1,1,1,1,1,1,1,1,1,1,1,0,1
"833",0,1,0,0,0,1,1,1,0,0,0,0,0,0,0
"834",0,0,0,1,0,1,0,0,0,1,0,1,0,1,1
"835",0,0,0,0,0,0,0,0,0,0,0,1,1,0,1
"836",1,1,1,1,0,1,1,1,1,1,0,0,0,1,1
"837",1,1,0,1,1,0,0,1,1,0,0,1,1,0,0
"838",0,0,0,0,0,0,1,0,0,0,0,0,1,1,0
"839",0,0,0,0,1,1,0,1,0,1,0,0,0,0,0
"840",1,1,1,0,0,1,1,0,1,1,1,0,1,1,1
"841",1,1,1,1,0,0,1,1,1,1,1,1,1,1,1
"842",0,1,1,1,1,0,1,0,1,1,1,1,1,0,0
"843",1,0,0,1,1,0,0,0,1,1,0,0,1,0,1
"844",0,0,0,0,1,0,0,1,0,0,0,0,1,0,0
"845",0,1,1,0,0,1,1,1,1,1,1,1,1,0,1
"846",1,1,1,1,0,1,1,1,1,1,0,0,1,0,1
"847",1,1,1,1,1,1,0,0,1,0,1,1,1,0,1
"848",1,0,1,1,1,1,1,0,0,1,1,0,0,1,1
"849",1,0,1,1,1,1,1,1,0,1,1,1,0,0,1
"850",1,1,1,0,0,1,1,0,1,1,0,0,0,0,0
"851",0,0,0,0,0,0,0,1,0,0,0,0,0,0,0
"852",1,1,1,0,1,1,0,0,1,1,1,1,1,1,0
"853",0,0,0,0,0,0,0,1,1,0,0,0,0,0,0
"854",0,1,1,0,1,1,1,0,0,0,1,1,0,1,1
"855",1,0,0,0,0,0,0,0,0,1,0,0,1,1,0
"856",0,1,0,0,1,1,0,1,0,0,0,0,0,0,0
"857",0,0,0,0,1,0,0,0,0,1,0,0,0,0,1
"858",0,0,0,0,1,1,0,0,0,0,0,1,0,0,0
"859",0,0,0,0,1,0,0,0,0,0,0,0,0,0,0
"860",0,0,0,0,0,0,1,1,0,0,0,0,0,1,0
"861",1,1,1,0,1,1,0,0,1,1,0,1,1,1,1
"862",1,1,1,0,0,1,1,1,0,1,0,1,0,1,0
"863",0,0,0,0,0,0,0,0,0,0,0,1,0,1,1
"864",1,0,0,1,0,1,0,1,0,1,1,1,0,1,1
"865",1,1,1,0,1,1,0,0,1,1,1,1,1,1,0
"866",0,1,1,0,0,1,1,0,1,0,0,0,1,1,1
"867",0,0,0,0,0,0,0,0,0,1,0,0,1,1,0
"868",0,0,0,0,1,0,0,0,0,0,0,1,0,0,1
"869",0,0,0,0,1,1,0,0,0,1,1,1,1,0,0
"870",0,0,1,0,0,0,0,1,1,0,0,1,1,0,1
"871",0,0,0,1,1,0,1,0,1,0,1,0,1,0,0
"872",0,1,0,1,0,1,1,0,1,1,1,1,0,0,1
"873",1,1,1,1,1,1,1,0,1,1,1,1,1,1,0
"874",1,1,1,0,1,1,1,0,1,1,1,1,1,1,1
"875",1,1,1,0,1,1,0,0,1,0,0,0,1,0,0
"876",0,0,0,1,0,0,0,0,0,0,0,0,0,0,1
"877",1,1,1,0,1,0,0,1,0,0,0,0,1,1,1
"878",0,0,0,1,1,1,0,1,0,1,1,1,0,0,1
"879",0,1,1,0,1,1,0,0,1,0,1,0,1,1,1
"880",1,1,1,0,0,0,0,1,1,0,1,1,1,1,1
"881",1,1,0,0,1,1,0,1,0,1,1,1,1,1,0
"882",0,0,0,0,1,1,0,0,0,1,1,0,0,0,0
"883",0,0,1,1,0,1,0,0,1,1,0,0,1,1,1
"884",0,0,0,1,0,1,1,1,1,1,1,1,1,1,1
"885",1,1,1,1,0,0,1,1,1,1,1,1,1,1,1
"886",1,1,1,0,1,1,1,1,1,1,1,0,1,0,1
"887",1,1,1,1,0,1,0,1,1,1,1,0,1,1,1
"888",1,1,0,1,1,0,1,1,1,1,1,1,0,1,1
"889",1,0,1,1,0,1,0,1,1,0,1,1,1,0,1
"890",1,1,1,1,0,1,1,0,1,1,1,1,0,1,0
"891",1,0,0,1,1,0,0,0,1,1,1,1,1,0,1
"892",1,1,1,0,1,1,0,0,1,1,0,0,0,1,1
"893",1,1,1,0,1,1,1,1,1,1,1,1,1,0,0
"894",0,1,1,1,1,1,0,0,1,1,0,0,1,0,1
"895",0,0,0,0,1,0,0,1,0,1,1,1,1,0,1
"896",1,1,1,1,1,0,1,1,1,0,1,0,1,0,1
"897",0,0,0,0,1,0,1,1,0,0,0,0,0,0,1
"898",0,0,0,0,0,0,0,0,0,0,0,0,0,0,1
"899",0,0,0,0,1,0,0,1,0,0,1,0,0,0,0
"900",1,1,1,0,1,0,1,0,1,0,0,0,1,0,0
"901",0,0,0,0,0,1,0,1,0,0,0,0,0,0,0
"902",0,0,0,0,0,0,0,0,0,1,1,0,0,0,1
"903",1,1,1,1,1,0,1,0,1,1,1,1,1,0,1
"904",1,1,1,1,1,1,1,1,1,1,0,1,1,0,0
"905",0,1,1,0,1,0,1,1,0,0,1,1,1,1,0
"906",1,1,1,0,1,1,1,0,1,1,0,0,0,0,1
"907",0,0,0,0,0,0,0,0,0,0,0,0,0,0,0
"908",1,0,0,0,0,1,0,0,0,0,0,0,0,0,0
"909",1,1,1,1,1,1,0,0,1,0,0,1,1,1,1
"910",0,0,0,0,0,0,0,0,0,0,0,0,0,1,0
"911",1,1,0,1,1,1,1,0,1,1,1,1,1,1,1
"912",1,0,1,1,1,0,0,1,1,1,0,1,1,1,0
"913",0,0,0,1,0,1,0,0,0,1,0,0,1,1,1
"914",1,1,1,1,1,1,1,1,1,0,1,1,1,0,1
"915",0,1,1,1,1,1,1,0,0,1,1,1,0,0,0
"916",1,0,0,0,1,0,0,0,1,0,0,0,1,0,1
"917",1,1,1,1,0,1,1,1,1,1,1,1,1,1,1
"918",1,1,1,0,1,0,1,1,1,1,1,1,1,0,1
"919",0,0,0,1,0,0,0,0,0,0,1,1,0,0,0
"920",1,1,1,1,1,1,1,1,1,1,1,1,1,1,1
"921",0,0,0,0,1,0,0,0,0,0,0,0,0,0,0
"922",0,0,0,1,0,1,0,1,0,0,1,1,0,1,0
"923",1,1,1,0,1,1,1,0,1,1,1,1,0,0,1
"924",1,1,1,1,1,1,1,0,1,1,0,0,1,1,1
"925",0,0,1,0,0,1,0,0,1,0,1,0,0,1,1
"926",1,0,0,0,0,1,0,1,1,1,0,0,0,0,1
"927",1,1,1,0,1,1,1,0,1,0,0,0,0,0,1
"928",1,1,1,0,0,0,0,1,1,1,1,1,1,1,1
"929",0,0,0,0,0,0,0,1,0,0,0,0,0,0,0
"930",1,1,0,0,1,1,1,1,0,1,0,1,1,0,1
"931",1,1,1,1,1,1,1,1,1,0,1,1,1,1,1
"932",1,0,0,0,0,1,0,1,0,1,1,1,0,1,1
"933",1,1,1,1,1,0,0,0,1,0,0,1,1,0,0
"934",0,0,0,0,0,0,0,0,0,0,0,0,0,0,0
"935",0,0,0,0,0,0,0,0,1,0,0,0,0,0,0
"936",0,0,0,0,0,0,0,0,0,0,0,0,0,0,0
"937",1,0,0,0,0,1,0,0,0,0,0,0,1,0,1
"938",0,0,0,0,0,0,0,0,0,0,0,0,1,1,0
"939",0,0,1,0,0,0,0,0,0,0,1,1,0,1,1
"940",1,1,1,1,1,0,1,0,1,1,1,0,1,0,0
"941",1,1,1,0,1,0,1,1,0,0,1,1,0,0,1
"942",0,0,0,0,1,0,0,0,1,1,0,0,0,1,0
"943",1,1,1,0,1,1,1,1,1,1,1,1,1,1,1
"944",0,0,0,0,0,1,0,0,0,0,0,0,0,0,0
"945",0,0,0,0,0,0,1,0,0,0,0,0,0,0,0
"946",0,0,0,0,0,0,0,1,1,0,1,1,0,0,0
"947",1,1,1,1,1,1,1,1,1,1,1,1,1,1,1
"948",1,1,1,0,1,1,0,0,1,1,1,1,1,0,1
"949",1,1,1,1,1,1,1,0,1,1,1,1,1,1,1
"950",1,0,0,0,0,1,1,0,1,1,0,0,1,1,1
"951",0,0,0,0,0,0,0,1,0,1,1,1,1,1,0
"952",1,1,1,1,1,1,1,0,1,1,1,1,1,1,1
"953",0,0,0,0,0,0,0,0,0,0,0,0,0,0,0
"954",0,0,0,0,0,0,1,0,0,0,1,0,0,0,0
"955",0,1,0,1,1,0,1,0,1,0,1,1,1,0,1
"956",0,0,0,0,0,0,0,0,0,0,1,0,0,1,0
"957",0,0,0,1,0,0,0,0,0,0,0,0,0,1,0
"958",0,0,0,0,0,0,0,1,0,1,1,0,0,1,1
"959",1,1,1,1,1,1,1,1,1,1,1,1,1,1,1
"960",1,1,1,1,0,0,1,1,1,0,0,0,1,0,1
"961",1,1,1,1,1,1,1,1,0,1,1,0,1,0,1
"962",0,0,0,0,0,0,0,0,0,0,0,0,0,0,1
"963",0,1,1,0,0,0,1,1,1,0,1,1,1,1,1
"964",1,0,0,1,0,0,0,1,1,0,1,1,0,1,1
"965",0,0,0,0,0,1,0,1,0,0,0,0,0,0,0
"966",0,1,0,1,1,0,1,0,0,1,1,1,0,0,1
"967",1,1,1,1,1,1,1,1,1,0,1,0,1,1,1
"968",0,0,0,0,1,0,0,0,0,0,1,0,0,0,0
"969",0,1,1,0,1,1,1,1,1,0,1,1,1,0,1
"970",1,1,1,0,1,1,1,1,1,1,1,1,1,1,1
"971",1,1,1,1,1,1,1,1,1,1,0,0,1,0,0
"972",0,0,0,0,0,0,0,1,0,0,0,0,0,1,0
"973",0,0,0,1,1,0,0,0,0,1,0,0,0,1,0
"974",0,0,1,0,0,0,1,1,0,0,1,1,0,1,1
"975",1,1,1,0,1,1,1,0,1,1,0,1,1,1,1
"976",1,1,1,0,0,1,0,0,1,1,1,1,1,0,1
"977",1,1,1,0,0,1,0,0,1,1,0,1,1,0,1
"978",0,1,1,1,1,1,1,0,1,1,1,1,1,1,1
"979",1,1,1,0,1,1,1,0,1,1,0,1,1,1,1
"980",1,1,1,0,1,1,1,0,1,0,1,1,1,0,1
"981",0,0,0,1,0,1,0,0,0,1,1,1,0,1,1
"982",0,0,0,0,0,0,0,0,0,0,0,0,0,0,0
"983",0,0,0,1,0,0,0,1,0,0,0,0,0,0,1
"984",1,0,0,0,0,1,0,0,1,1,0,0,0,1,1
"985",0,0,0,0,0,0,0,1,0,1,1,0,0,1,0
"986",1,1,1,0,1,1,1,1,1,0,1,0,1,1,0
"987",1,0,0,1,0,0,0,1,0,0,0,0,0,1,0
"988",1,0,0,1,0,1,0,0,0,0,0,0,0,0,0
"989",0,1,0,0,0,0,1,1,0,1,1,0,0,1,0
"990",1,1,1,0,1,1,0,0,1,1,1,1,1,1,1
"991",0,1,1,1,1,1,0,1,1,0,1,1,0,0,1
"992",1,1,1,1,1,1,1,0,1,0,1,0,1,1,1
"993",0,0,0,1,0,0,0,0,0,0,0,0,0,1,0
"994",0,1,0,1,1,0,1,1,0,1,0,0,0,0,1
"995",0,0,0,1,0,0,0,0,0,0,1,1,0,1,0
"996",0,1,1,0,0,0,1,0,1,0,1,1,1,0,0
"997",1,1,1,1,1,1,0,1,1,0,1,1,0,0,1
"998",1,0,1,0,0,0,0,1,1,0,0,0,1,0,0
"999",1,1,1,0,0,1,0,1,1,1,1,0,1,1,1
"1000",1,0,1,0,0,1,1,0,0,1,0,0,1,0,1
"1001",1,0,1,0,0,0,0,0,1,0,0,1,0,0,1
"1002",1,1,1,1,1,1,0,1,1,1,1,1,1,1,1
"1003",0,1,1,0,0,0,1,1,1,1,0,0,1,0,1
"1004",0,0,0,0,0,1,0,0,0,0,0,1,0,0,0
"1005",0,1,1,1,1,1,1,0,1,1,1,1,1,1,1
"1006",1,1,1,0,1,0,1,0,1,1,1,1,1,1,1
"1007",0,1,1,1,1,0,0,1,1,0,1,1,0,0,1
"1008",1,1,1,1,1,1,1,1,1,1,1,1,1,1,1
"1009",1,1,1,1,1,1,1,1,1,1,1,1,1,1,1
"1010",0,0,0,1,0,0,0,1,0,1,0,0,0,0,0
"1011",0,0,0,0,0,0,0,0,0,0,1,1,0,1,1
"1012",0,0,0,0,0,0,0,0,1,0,0,0,1,0,0
"1013",1,1,0,0,1,1,1,1,1,1,1,0,1,0,0
"1014",0,0,0,0,0,0,0,0,0,0,0,1,0,0,0
"1015",0,0,0,0,0,0,0,1,1,0,1,0,1,0,0
"1016",0,1,1,1,1,1,1,0,0,1,0,0,0,0,1
"1017",1,1,1,1,1,1,0,1,1,1,1,1,1,1,1
"1018",1,1,1,0,0,1,0,0,1,1,0,1,1,1,1
"1019",0,0,0,0,0,0,0,0,1,0,1,0,0,0,0
"1020",1,0,0,0,0,0,0,0,1,0,0,0,1,0,1
"1021",0,1,1,1,1,0,0,1,1,1,1,1,1,1,1
"1022",1,1,1,1,1,0,1,1,1,0,0,0,1,1,0
"1023",0,0,0,1,0,0,0,1,0,0,1,1,0,1,0
"1024",1,1,0,0,0,0,1,1,1,0,1,1,1,1,0
"1025",1,1,1,1,1,1,1,1,1,1,0,0,1,1,0
"1026",1,0,0,0,1,1,0,1,0,0,1,0,0,0,0
"1027",1,0,1,0,0,1,0,1,1,0,0,0,1,0,0
"1028",1,0,0,0,0,1,0,1,1,1,1,1,0,1,1
"1029",0,1,1,0,0,1,1,0,1,1,1,0,1,0,1
"1030",1,0,0,0,1,0,0,1,1,1,1,1,0,0,0
"1031",0,1,1,0,0,1,1,0,1,1,0,1,1,1,0
"1032",1,1,1,0,1,1,1,1,1,1,1,1,1,0,1
"1033",0,1,1,1,0,0,1,1,1,1,1,1,1,1,1
"1034",1,1,1,1,1,1,1,0,1,1,1,1,1,0,1
"1035",1,1,1,1,1,1,0,1,0,0,0,1,1,1,1
"1036",0,0,0,0,1,0,1,1,1,0,0,0,1,0,0
"1037",0,0,0,0,0,0,0,1,0,0,0,0,0,1,0
"1038",0,0,0,0,0,1,0,1,0,1,0,0,0,0,0
"1039",1,0,0,0,0,0,1,0,1,1,1,0,1,0,0
"1040",1,1,1,1,1,1,1,0,1,0,0,1,1,1,1
"1041",1,0,1,0,0,1,0,0,0,0,0,0,1,1,0
"1042",0,0,0,0,0,0,0,0,0,0,0,0,0,1,0
"1043",0,0,0,0,0,0,0,1,0,0,0,0,0,0,0
"1044",0,1,1,0,1,0,0,1,1,1,1,1,0,1,1
"1045",1,1,0,1,1,0,0,1,1,1,0,0,1,1,0
"1046",0,0,0,1,0,0,1,0,0,1,1,1,0,0,0
"1047",1,1,1,1,1,1,1,1,1,1,1,1,1,1,1
"1048",1,1,1,1,1,0,1,0,0,1,0,1,0,0,1
"1049",1,1,1,1,1,1,1,0,1,0,1,1,1,1,1
"1050",1,1,0,0,0,1,1,1,1,1,1,1,1,1,0
"1051",1,1,1,1,1,1,1,1,1,1,0,0,1,1,0
"1052",1,1,1,0,1,1,0,1,0,1,0,1,1,1,1
"1053",1,0,0,0,0,0,0,0,1,0,0,0,1,1,0
"1054",0,0,0,1,0,1,1,0,0,1,0,0,0,0,0
"1055",1,0,0,1,0,1,0,0,0,0,0,0,1,0,0
"1056",0,0,0,1,0,0,1,0,1,0,1,1,1,1,0
"1057",1,1,1,1,1,1,1,1,1,1,0,0,1,0,0
"1058",0,1,1,1,1,1,0,1,1,1,1,1,0,1,1
"1059",1,1,1,0,0,1,1,0,1,0,0,0,1,1,0
"1060",1,0,1,1,1,1,1,0,0,0,0,0,1,1,1
"1061",0,1,1,1,1,0,1,0,0,1,0,0,0,0,0
"1062",0,0,0,0,0,0,0,0,0,0,0,0,0,0,0
"1063",0,0,0,0,0,0,0,0,0,1,0,0,0,0,0
"1064",1,0,0,0,0,0,1,1,0,1,0,0,1,0,0
"1065",0,0,0,0,0,0,0,0,0,0,0,0,0,1,0
"1066",1,1,1,1,1,1,0,0,1,1,1,1,1,1,1
"1067",0,1,1,1,1,1,1,1,0,1,0,1,1,1,1
"1068",1,0,0,1,0,0,0,1,0,0,1,1,1,1,1
"1069",0,0,0,0,0,0,0,1,0,1,0,0,0,0,0
"1070",1,0,0,1,1,1,0,1,1,1,0,0,1,1,1
"1071",1,1,1,0,1,1,1,1,1,1,1,1,0,0,1
"1072",1,1,1,1,1,1,1,1,0,1,1,1,1,1,1
"1073",0,0,0,0,0,0,0,0,0,0,0,0,0,1,0
"1074",0,0,0,1,0,0,0,1,0,0,0,0,0,0,0
"1075",0,1,1,0,1,1,1,1,0,1,1,1,0,1,1
"1076",0,0,0,0,0,0,1,1,0,0,0,0,0,0,0
"1077",1,1,1,1,1,1,1,1,1,1,0,1,1,1,1
"1078",0,0,0,0,0,1,0,1,1,0,0,0,0,0,0
"1079",0,0,0,1,0,0,1,0,0,0,0,0,0,0,0
"1080",1,0,0,1,0,0,0,1,0,0,0,0,1,0,0
"1081",0,0,0,0,0,1,0,1,0,1,1,0,0,0,1
"1082",1,1,1,1,1,1,1,1,1,1,0,1,1,0,0
"1083",0,0,0,0,1,0,0,1,1,0,0,0,0,0,0
"1084",1,0,0,1,0,0,1,1,1,0,0,0,0,1,1
"1085",0,1,1,0,1,0,1,1,1,0,0,1,1,0,1
"1086",0,0,0,1,0,1,1,1,0,1,1,1,0,0,1
"1087",1,1,1,0,1,1,1,0,1,1,1,1,1,1,0
"1088",1,0,1,0,1,1,0,0,0,0,0,0,0,0,0
"1089",1,0,0,0,0,0,0,1,1,0,1,1,0,1,1
"1090",1,1,1,1,0,0,1,1,0,1,1,1,1,1,1
"1091",0,0,1,0,1,1,0,1,1,0,0,1,1,1,1
"1092",0,1,1,0,1,1,1,1,1,1,1,1,1,1,1
"1093",0,0,0,0,1,1,0,0,1,1,1,0,1,0,1
"1094",1,1,1,1,0,1,1,0,1,1,0,0,0,0,1
"1095",1,1,0,0,0,0,0,1,1,0,0,1,0,1,0
"1096",1,1,1,1,1,1,1,0,1,1,1,1,1,0,1
"1097",0,1,1,0,1,1,1,1,0,1,1,1,1,1,1
"1098",1,1,1,0,1,1,1,0,1,1,1,1,1,1,0
"1099",0,1,1,1,0,0,0,0,1,0,0,0,0,1,0
"1100",0,0,0,0,0,0,0,0,0,1,0,1,0,0,0
"1101",1,1,1,1,1,1,1,1,1,1,1,1,1,1,1
"1102",1,1,1,1,1,0,1,1,0,0,1,1,0,1,1
"1103",1,1,1,1,0,1,1,1,1,1,0,0,1,1,0
"1104",0,0,0,1,0,0,0,1,0,0,0,0,0,0,0
"1105",0,0,0,0,1,1,0,1,0,1,1,1,1,1,1
"1106",1,1,1,0,1,1,1,0,0,0,1,0,1,0,1
"1107",0,0,0,1,0,0,0,0,0,0,0,0,0,0,0
"1108",0,0,0,0,0,1,0,1,0,0,0,1,0,0,1
"1109",0,1,1,0,1,0,1,1,1,0,1,0,0,1,1
"1110",1,0,0,0,1,1,0,0,1,1,0,0,1,0,0
"1111",0,0,0,0,0,0,0,1,0,0,1,0,1,0,1
"1112",1,0,1,1,0,1,1,0,0,1,1,1,0,1,1
"1113",1,1,1,0,1,1,1,0,1,1,1,1,1,0,1
"1114",1,0,0,0,0,0,0,1,1,0,0,0,0,1,0
"1115",1,1,1,0,1,1,1,1,1,1,1,1,1,1,0
"1116",1,1,1,1,1,1,1,1,1,1,1,1,1,0,0
"1117",0,0,0,0,1,1,0,0,1,0,1,0,0,0,1
"1118",0,1,1,1,1,0,1,1,1,1,1,0,1,0,1
"1119",0,1,0,0,0,0,1,0,0,0,0,1,0,0,0
"1120",1,1,1,1,1,1,1,1,1,0,1,1,1,1,1
"1121",1,0,0,0,0,0,0,1,1,0,0,0,0,0,0
"1122",0,0,0,0,0,0,0,1,0,1,0,0,0,0,0
"1123",1,1,0,0,1,0,1,0,1,0,1,0,1,1,0
"1124",1,1,1,0,0,1,1,1,1,1,1,1,1,1,1
"1125",0,0,0,0,0,1,0,1,0,1,0,0,0,0,0
"1126",1,1,1,0,0,1,1,0,1,1,0,0,1,1,1
"1127",1,1,1,1,1,1,0,0,1,1,1,1,1,0,1
"1128",1,0,0,0,0,1,0,1,0,0,1,1,1,1,0
"1129",1,1,1,1,1,1,1,0,1,1,0,1,1,1,0
"1130",1,0,0,0,0,0,0,0,0,0,0,0,1,1,0
"1131",0,0,1,0,0,0,1,0,0,0,0,0,0,0,0
"1132",0,0,0,0,0,1,0,1,0,0,1,0,0,1,1
"1133",1,1,1,0,0,1,1,0,0,0,0,0,0,0,0
"1134",0,0,0,0,0,0,0,1,0,0,1,1,1,1,1
"1135",1,1,1,1,0,1,1,1,1,1,0,1,1,1,1
"1136",1,0,0,0,1,1,0,0,0,1,1,0,0,1,1
"1137",1,1,1,1,1,0,1,1,1,1,0,1,0,0,1
"1138",1,1,1,1,1,1,1,1,1,1,1,1,1,1,1
"1139",1,1,1,0,1,0,1,0,1,0,0,1,1,1,1
"1140",1,1,1,1,1,0,1,1,1,1,0,0,0,1,0
"1141",1,1,1,1,1,1,1,0,1,1,1,1,1,1,1
"1142",0,0,0,0,0,0,0,0,0,0,0,0,1,1,0
"1143",0,0,0,0,1,0,0,0,0,0,0,1,0,0,0
"1144",1,0,0,1,0,0,0,1,0,1,1,1,1,1,0
"1145",0,1,1,1,1,1,1,0,1,1,0,0,1,0,0
"1146",1,1,1,1,1,1,1,1,1,1,1,1,1,1,1
"1147",1,0,1,1,1,0,0,0,1,0,0,0,1,0,0
"1148",1,1,1,1,1,1,1,1,1,1,1,0,1,1,1
"1149",0,0,0,1,0,0,0,1,0,0,0,1,0,0,0
"1150",1,1,1,1,1,0,1,0,1,0,0,1,1,0,0
"1151",0,0,0,0,0,0,0,0,0,1,1,1,0,1,0
"1152",1,1,1,0,1,1,1,1,0,0,1,1,1,0,1
"1153",1,0,0,0,0,0,0,1,0,1,0,0,1,0,0
"1154",1,0,0,1,1,1,0,0,1,0,1,1,1,1,0
"1155",1,1,1,1,1,1,1,0,1,1,1,1,1,1,1
"1156",0,1,1,0,1,0,0,0,0,0,1,0,0,0,0
"1157",0,0,0,0,0,0,1,1,1,0,0,1,1,1,0
"1158",1,1,1,1,1,1,1,1,1,1,1,1,1,1,1
"1159",0,1,1,0,0,0,1,0,1,0,1,1,1,1,0
"1160",1,1,1,1,1,1,0,0,1,1,1,1,1,1,1
"1161",1,1,1,1,1,1,1,0,1,1,1,1,1,1,1
"1162",0,1,1,1,1,1,1,0,1,1,1,1,1,1,1
"1163",1,1,1,0,0,1,1,0,1,0,0,0,1,0,1
"1164",0,0,0,0,1,1,0,1,1,0,0,1,1,0,0
"1165",0,0,0,1,1,1,0,1,0,1,0,0,0,0,1
"1166",0,0,0,0,0,0,0,0,0,0,0,0,0,1,0
"1167",1,1,1,1,0,1,1,0,1,1,0,0,1,1,1
"1168",0,0,0,1,0,0,0,0,0,0,1,1,0,0,1
"1169",1,1,1,0,0,1,1,0,1,1,1,1,1,1,0
"1170",0,1,1,1,1,1,1,1,1,1,1,1,1,1,1
"1171",1,0,0,1,0,0,1,1,0,1,0,0,1,0,0
"1172",0,0,0,0,0,0,1,0,0,0,0,1,0,1,0
"1173",0,0,0,0,0,0,0,1,1,0,1,0,0,1,0
"1174",0,0,1,0,1,0,0,1,0,1,0,0,0,0,1
"1175",0,0,0,1,0,0,0,1,0,0,1,1,0,0,1
"1176",1,1,1,1,1,1,1,0,0,1,1,1,1,1,1
"1177",1,0,1,0,1,0,1,1,1,1,1,0,1,1,0
"1178",0,0,0,0,1,0,0,0,0,1,1,1,0,1,1
"1179",0,0,0,0,1,1,1,1,1,0,1,1,1,1,1
"1180",1,1,1,1,0,1,1,1,1,1,1,1,1,1,1
"1181",0,1,1,1,1,1,1,1,0,1,1,1,0,1,1
"1182",1,0,0,0,0,0,1,0,1,0,0,0,1,0,0
"1183",0,1,0,1,1,1,1,1,0,0,1,1,1,0,0
"1184",0,1,1,1,1,1,1,1,1,0,1,1,1,1,1
"1185",1,1,1,1,1,1,1,0,1,1,0,0,1,0,0
"1186",0,0,0,0,0,0,0,1,0,0,1,0,0,1,1
"1187",0,0,0,1,1,1,0,1,0,1,0,0,0,1,1
"1188",1,1,1,0,1,1,1,1,1,1,1,1,1,1,1
"1189",1,0,0,0,0,0,0,1,0,0,0,0,0,0,1
"1190",1,1,1,1,0,1,0,1,1,1,0,1,1,0,1
"1191",0,1,1,0,1,0,1,1,1,0,0,0,0,0,0
"1192",1,1,1,1,1,1,1,0,1,1,1,1,1,1,1
"1193",1,1,0,1,0,0,1,1,1,1,1,1,1,0,1
"1194",1,1,1,0,1,1,1,1,1,1,1,0,1,1,1
"1195",1,1,1,1,1,1,1,0,1,1,0,0,1,1,1
"1196",0,0,0,0,0,0,0,1,0,1,0,1,0,1,1
"1197",0,1,0,1,0,0,1,0,0,0,1,1,0,1,1
"1198",1,1,1,1,1,1,1,0,1,1,1,1,1,1,1
"1199",1,0,0,0,1,0,1,0,1,1,1,0,1,1,1
"1200",1,1,1,1,1,1,1,0,1,1,1,1,1,1,1
"1201",0,0,0,0,0,0,0,1,0,0,0,0,0,0,0
"1202",1,1,1,0,1,1,1,0,1,1,1,0,1,1,1
"1203",0,0,0,0,0,0,0,0,0,0,0,0,0,0,0
"1204",0,0,0,0,0,0,0,1,0,0,0,0,0,0,0
"1205",0,0,0,0,0,1,1,1,0,1,0,0,0,0,1
"1206",0,0,0,0,0,0,0,1,0,0,0,0,0,1,0
"1207",0,0,0,0,0,0,0,1,0,1,0,0,0,1,0
"1208",1,1,1,1,1,1,1,0,1,1,0,1,1,1,1
"1209",1,1,1,1,1,1,1,1,0,1,1,0,0,1,1
"1210",1,1,1,1,1,0,1,0,1,1,0,1,1,1,1
"1211",1,0,0,1,0,0,0,0,1,0,0,0,1,0,1
"1212",0,0,0,0,0,0,0,1,0,0,0,0,0,1,0
"1213",0,0,0,0,0,0,0,1,0,1,1,1,0,1,0
"1214",0,0,0,0,1,0,0,0,0,0,0,0,0,0,0
"1215",0,0,0,1,1,1,0,1,0,0,1,1,0,1,1
"1216",1,1,1,1,1,1,1,0,1,1,1,1,1,1,1
"1217",0,1,1,1,0,1,1,0,1,0,1,1,1,0,1
"1218",0,0,0,0,0,0,0,1,0,1,1,0,0,1,0
"1219",0,0,1,1,1,1,1,0,0,0,1,1,1,1,1
"1220",1,1,1,0,0,0,1,1,1,1,0,0,1,1,0
"1221",1,1,1,0,1,1,1,1,1,1,1,1,1,0,1
"1222",1,1,1,0,0,0,1,0,1,0,1,1,1,1,1
"1223",1,1,1,0,1,0,1,0,1,0,0,0,1,0,0
"1224",0,0,0,0,1,1,0,0,0,0,1,1,0,0,1
"1225",1,0,0,0,1,1,0,1,1,1,0,0,1,1,0
"1226",1,1,1,1,1,1,1,0,1,1,1,1,1,0,0
"1227",0,0,0,1,0,0,0,0,0,0,0,0,0,1,0
"1228",0,0,0,0,0,0,0,0,0,0,0,0,0,1,1
"1229",1,0,0,0,0,0,0,0,0,0,0,0,0,0,0
"1230",0,0,0,0,0,1,0,0,0,1,0,0,0,1,0
"1231",0,0,0,0,1,0,1,1,0,0,1,1,0,1,1
"1232",1,1,1,1,1,1,1,1,1,1,1,1,1,0,1
"1233",1,1,1,0,1,1,1,1,1,1,1,1,1,0,1
"1234",0,0,0,1,0,0,0,0,0,0,0,0,0,0,0
"1235",0,0,0,0,0,0,0,0,0,0,0,0,0,0,0
"1236",0,1,0,1,1,1,0,0,0,1,1,1,0,0,1
"1237",1,1,1,0,0,0,1,1,1,0,0,0,0,0,0
"1238",0,0,0,0,0,0,1,0,0,0,1,0,0,0,1
"1239",1,1,1,1,0,1,0,1,1,1,1,0,1,0,1
"1240",0,0,0,0,0,0,0,0,0,0,0,0,0,0,0
"1241",0,1,1,0,0,1,1,1,0,1,0,1,0,0,0
"1242",0,0,0,0,0,0,0,0,0,0,0,0,0,0,0
"1243",0,0,0,0,0,0,0,0,0,0,1,0,0,0,0
"1244",1,1,1,1,1,1,1,1,1,1,1,1,1,1,1
"1245",0,0,0,0,0,0,0,0,0,0,0,0,0,0,0
"1246",1,0,0,0,0,0,0,0,1,0,0,0,0,1,1
"1247",0,0,0,1,0,0,0,0,0,0,0,0,0,1,0
"1248",0,0,0,0,1,1,0,0,0,0,1,0,0,0,0
"1249",0,1,1,1,1,0,1,1,0,1,0,1,1,0,0
"1250",1,1,1,0,1,1,1,1,1,0,0,1,1,0,0
"1251",1,1,1,0,0,1,1,0,0,0,0,1,0,1,1
"1252",1,0,0,0,0,0,0,0,0,0,0,0,0,1,1
"1253",0,1,1,1,1,1,0,0,0,0,1,1,0,0,1
"1254",1,0,0,0,0,1,0,0,0,0,0,0,1,0,1
"1255",0,0,0,1,0,0,0,1,0,0,0,1,0,0,1
"1256",0,1,1,0,1,0,1,1,1,1,1,1,0,0,0
"1257",1,1,1,0,1,1,1,1,1,1,1,1,1,1,0
"1258",1,1,1,1,1,1,1,0,1,1,0,0,1,0,1
"1259",0,0,1,0,0,0,0,0,0,1,0,1,0,0,0
"1260",1,0,1,0,0,0,1,0,1,0,0,0,1,0,0
"1261",0,0,0,0,0,1,0,1,0,0,1,0,0,1,0
"1262",0,1,1,1,1,1,1,0,1,1,1,1,1,0,0
"1263",0,1,1,1,1,1,1,1,1,1,1,1,0,1,1
"1264",1,1,0,0,1,1,1,0,1,0,1,1,1,0,1
"1265",1,0,0,0,0,0,0,0,1,0,0,0,0,0,0
"1266",1,0,0,1,0,1,0,1,0,1,0,0,0,1,0
"1267",1,0,0,0,0,0,0,1,1,0,0,0,1,1,0
"1268",0,1,1,1,0,0,1,1,0,0,1,0,0,1,1
"1269",0,0,0,0,0,0,1,0,0,1,0,0,0,1,1
"1270",0,0,0,0,0,0,0,1,1,0,0,0,0,0,1
"1271",0,0,0,0,0,1,0,1,0,0,0,0,0,0,0
"1272",1,1,1,1,1,1,1,1,1,1,0,0,1,1,0
"1273",0,0,0,0,0,0,0,1,0,0,0,1,0,1,0
"1274",0,0,0,0,0,0,0,0,0,0,0,0,0,0,1
"1275",0,0,0,0,0,0,0,0,0,0,1,1,0,1,0
"1276",1,1,1,0,1,1,1,0,1,1,1,0,0,0,1
"1277",0,0,0,0,0,0,0,0,0,1,1,1,0,0,0
"1278",0,0,0,0,0,0,0,0,0,0,0,0,0,0,1
"1279",0,0,0,0,0,0,0,1,1,0,1,1,0,0,1
"1280",0,1,1,1,0,1,1,0,0,0,0,0,0,0,0
"1281",0,0,0,1,0,0,0,1,1,0,1,1,0,1,1
"1282",1,1,1,1,1,0,1,0,1,1,0,0,1,1,1
"1283",0,0,0,0,0,0,0,0,1,0,0,0,1,0,0
"1284",0,0,1,0,0,1,0,0,0,1,0,0,0,1,0
"1285",1,0,0,0,0,1,0,0,0,1,1,1,1,0,0
"1286",0,1,1,1,1,1,1,0,1,1,1,1,1,1,1
"1287",1,1,0,1,0,0,0,1,1,0,1,0,1,0,1
"1288",1,0,0,0,1,1,1,1,1,0,0,1,0,1,0
"1289",1,1,1,1,1,1,1,0,1,0,1,1,1,0,1
"1290",1,1,1,1,1,0,1,0,1,1,1,0,0,1,0
"1291",0,1,1,1,1,0,1,0,1,0,1,1,0,1,1
"1292",1,1,0,1,0,0,0,0,1,1,1,1,1,0,1
"1293",1,1,1,0,1,1,1,1,1,1,1,1,1,0,1
"1294",0,0,0,0,0,1,0,0,0,1,0,0,0,0,1
"1295",0,0,0,1,0,1,0,0,0,1,0,0,0,0,1
"1296",1,0,0,0,0,1,0,1,0,0,0,0,1,1,1
"1297",1,1,1,1,0,1,1,1,1,1,1,1,1,1,1
"1298",1,1,1,1,1,1,1,0,0,1,1,1,0,1,1
"1299",1,1,1,1,1,1,1,0,1,1,1,1,1,0,0
"1300",0,1,1,1,0,0,0,1,0,0,0,0,1,0,0
"1301",1,1,1,0,1,1,1,0,1,1,1,1,1,0,0
"1302",0,0,0,0,0,0,0,1,0,1,1,1,0,1,0
"1303",0,0,0,0,0,0,0,0,1,0,0,0,1,0,0
"1304",0,1,1,1,1,1,1,1,0,1,1,1,0,0,1
"1305",0,0,0,0,0,0,1,1,0,0,0,0,0,0,1
"1306",0,0,0,0,0,1,0,0,0,0,0,0,0,1,1
"1307",1,0,0,0,0,0,1,1,1,0,1,1,1,1,0
"1308",1,1,1,0,1,1,1,1,1,1,0,1,1,1,0
"1309",1,1,1,1,1,1,1,1,0,1,1,1,1,0,0
"1310",1,0,0,0,1,0,0,1,1,0,0,0,1,0,1
"1311",0,1,1,0,0,1,1,1,0,1,1,1,0,1,1
"1312",1,0,1,0,0,1,1,1,1,0,0,0,1,1,0
"1313",1,0,0,0,1,1,0,1,0,0,0,0,1,0,1
"1314",1,1,1,1,1,1,1,1,1,1,1,1,1,0,1
"1315",0,0,0,0,0,0,0,1,1,1,1,1,1,1,1
"1316",0,0,0,0,1,0,0,0,0,0,0,0,0,0,1
"1317",0,0,0,0,1,0,0,1,0,0,0,0,0,0,0
"1318",0,0,0,0,0,0,0,1,0,0,0,0,0,1,1
"1319",1,0,0,0,0,0,0,1,1,0,1,0,1,1,1
"1320",1,1,1,1,1,1,1,1,0,1,1,0,1,0,0
"1321",1,0,1,1,0,1,0,1,0,1,0,0,0,1,1
"1322",0,0,0,0,0,0,0,0,0,0,0,0,0,0,1
"1323",0,0,0,1,0,1,1,0,0,1,1,1,0,1,1
"1324",1,1,1,1,1,0,1,0,1,1,1,1,1,1,0
"1325",1,1,1,1,1,1,1,0,1,1,1,0,1,1,1
"1326",1,0,0,0,0,0,0,0,0,0,0,0,1,1,1
"1327",1,1,1,1,1,1,1,0,0,1,1,1,1,1,1
"1328",1,1,1,1,1,1,1,1,1,0,0,0,1,0,1
"1329",1,0,0,0,1,0,0,0,1,0,1,0,1,0,0
"1330",0,1,1,1,1,0,0,0,0,1,1,1,0,0,1
"1331",0,0,0,0,0,0,0,0,0,0,0,0,0,0,1
"1332",1,1,1,1,0,1,0,1,0,1,1,1,1,1,0
"1333",1,1,1,1,1,0,1,0,1,1,0,1,1,0,1
"1334",0,0,0,0,0,1,0,1,0,0,0,0,0,0,1
"1335",1,0,0,1,0,1,1,0,0,0,0,1,0,0,1
"1336",0,0,0,0,0,0,0,1,0,0,0,0,0,0,1
"1337",1,1,1,1,1,1,1,0,1,1,1,1,0,1,1
"1338",0,0,0,1,0,1,1,0,0,0,0,0,0,1,0
"1339",1,1,1,1,1,1,1,0,1,1,1,1,1,0,1
"1340",0,0,0,1,0,0,0,1,0,1,0,0,0,1,1
"1341",1,1,1,1,1,1,1,1,1,1,1,1,1,1,0
"1342",0,0,0,0,0,0,1,1,0,0,0,0,0,0,1
"1343",0,0,1,1,0,1,1,0,1,1,1,1,1,1,1
"1344",1,1,1,1,1,1,1,1,1,1,1,1,1,1,0
"1345",1,1,1,1,1,1,1,0,1,1,1,0,1,0,1
"1346",1,0,0,1,0,0,0,0,1,1,1,1,0,1,1
"1347",1,1,1,1,1,1,1,0,1,1,1,1,0,0,1
"1348",1,1,0,1,0,0,1,1,1,1,1,0,1,1,1
"1349",0,1,1,0,0,1,1,0,0,0,0,0,0,1,1
"1350",1,1,1,1,1,1,1,0,1,0,1,1,1,0,0
"1351",0,0,0,0,0,0,0,0,0,1,0,0,0,1,1
"1352",0,0,0,0,0,0,0,1,0,0,0,0,0,1,0
"1353",1,1,1,1,1,1,1,1,1,1,1,1,1,1,0
"1354",1,1,1,0,1,1,1,1,1,1,0,0,1,0,1
"1355",0,0,0,1,0,1,0,1,0,1,1,1,1,1,1
"1356",0,0,0,1,0,0,0,0,1,0,0,0,0,1,1
"1357",0,0,0,0,0,0,0,1,0,0,0,0,0,1,1
"1358",1,1,1,1,1,1,1,0,1,1,1,1,1,1,0
"1359",1,1,1,0,1,1,1,1,1,1,1,1,1,1,1
"1360",0,0,0,0,0,0,0,1,0,0,1,0,0,1,1
"1361",1,0,0,0,0,0,0,1,1,0,0,0,0,0,0
"1362",0,0,0,0,0,0,0,1,0,0,0,0,0,1,0
"1363",1,0,0,1,0,0,1,0,1,0,0,0,0,1,1
"1364",0,0,0,0,0,0,0,0,0,1,1,1,0,0,1
"1365",1,1,1,0,0,1,0,0,0,1,0,1,1,1,0
"1366",0,0,0,1,0,0,0,0,0,1,0,0,0,1,1
"1367",1,1,1,1,1,0,1,1,1,1,1,1,1,1,0
"1368",1,0,0,0,0,0,0,0,1,0,0,0,1,1,1
"1369",1,0,0,1,0,1,0,0,0,1,1,1,0,0,1
"1370",1,1,1,1,1,1,1,1,1,1,1,1,1,1,1
"1371",1,1,1,1,1,1,1,0,1,1,1,1,1,0,0
"1372",1,0,0,0,0,0,0,0,1,0,0,0,1,1,0
"1373",0,0,0,0,1,0,0,0,0,1,0,0,0,1,1
"1374",1,0,0,0,0,0,0,0,0,1,0,0,0,0,1
"1375",0,1,0,1,1,1,1,1,0,1,1,1,0,0,1
"1376",0,0,0,0,0,1,0,1,0,1,1,1,0,1,1
"1377",1,1,1,1,1,1,1,0,1,1,1,1,1,1,0
"1378",1,1,1,0,0,1,1,0,1,0,0,0,1,1,1
"1379",0,0,0,0,0,0,0,0,0,0,0,0,0,1,0
"1380",0,0,0,0,0,0,0,0,0,0,0,0,0,1,1
"1381",0,0,0,0,0,0,0,1,0,1,1,0,1,1,0
"1382",1,1,1,0,1,0,1,1,1,1,1,1,1,0,0
"1383",1,0,0,0,0,0,0,1,1,0,0,0,1,0,1
"1384",0,0,0,1,0,0,0,0,0,1,0,0,0,1,0
"1385",0,1,1,1,1,1,1,0,0,0,1,1,1,1,0
"1386",0,0,0,0,1,1,1,0,1,1,1,0,1,1,1
"1387",1,1,1,1,1,1,1,1,1,1,1,1,1,1,1
"1388",1,0,0,1,0,1,1,1,1,1,1,1,1,1,0
"1389",1,1,1,1,1,0,1,1,0,0,0,0,0,0,1
"1390",0,0,1,1,0,0,1,0,0,1,0,1,0,1,1
"1391",1,1,0,1,0,1,1,0,1,1,1,1,1,1,0
"1392",1,1,1,0,1,0,0,1,1,0,1,1,1,1,1
"1393",0,0,0,0,0,0,0,1,1,1,0,0,0,1,0
"1394",1,1,1,1,1,1,1,1,1,1,0,0,1,1,0
"1395",0,0,0,0,0,0,0,1,0,1,1,1,0,1,1
"1396",0,0,0,0,0,1,0,1,0,0,0,0,0,1,0
"1397",1,1,1,1,1,1,1,1,1,1,0,1,1,1,0
"1398",0,0,0,1,1,0,0,1,0,1,1,0,0,1,0
"1399",1,1,1,1,1,1,1,1,1,1,1,1,1,1,1
"1400",1,1,0,1,0,0,0,0,1,1,1,1,1,1,1
"1401",1,1,1,1,1,1,1,0,1,0,0,1,1,1,0
"1402",0,0,0,0,0,0,1,1,0,0,0,0,0,1,0
"1403",1,1,1,1,1,1,1,1,1,1,1,1,1,1,0
"1404",1,1,1,1,1,1,1,1,1,1,1,1,1,1,1
"1405",1,0,0,0,0,0,0,0,1,0,0,0,1,0,1
"1406",0,0,0,0,0,0,0,1,0,1,0,0,0,1,0
"1407",1,1,1,1,1,1,1,0,1,1,1,1,1,1,0
"1408",0,1,1,1,1,1,1,1,0,0,0,1,0,1,1
"1409",1,1,1,1,1,1,1,1,1,1,1,1,1,1,0
"1410",0,0,0,0,0,0,0,1,0,0,0,0,0,0,1
"1411",1,0,0,0,0,0,0,1,1,0,0,0,1,1,0
"1412",0,0,0,0,0,0,0,1,0,0,0,0,0,0,0
"1413",1,1,1,1,1,1,0,1,1,0,1,1,0,1,1
"1414",1,1,1,1,1,1,1,1,1,1,1,1,1,1,1
"1415",1,0,1,0,1,1,0,1,0,0,1,1,1,1,1
"1416",0,1,1,0,0,0,1,0,1,1,0,1,1,1,1
"1417",1,1,1,1,1,1,1,0,1,1,1,1,1,0,1
"1418",1,0,0,1,0,1,1,1,1,0,0,1,1,0,1
"1419",0,0,0,0,0,0,0,0,0,1,0,0,0,0,0
"1420",1,1,1,1,1,1,1,1,1,1,1,1,1,1,0
"1421",1,0,1,0,0,0,1,1,0,0,0,1,1,1,0
"1422",1,1,1,1,1,1,1,1,0,1,1,1,0,1,1
"1423",1,0,0,1,0,0,0,1,0,0,1,0,1,0,1
"1424",1,1,1,1,1,1,1,0,1,1,1,1,1,0,0
"1425",1,0,0,0,0,0,0,0,1,0,0,0,1,1,0
"1426",0,0,0,1,0,0,1,1,1,0,0,0,0,1,0
"1427",1,1,1,0,1,1,0,1,1,1,1,1,1,1,1
"1428",0,1,0,1,1,1,1,0,0,0,1,1,0,1,0
"1429",1,0,0,0,0,0,0,0,0,0,0,0,0,1,0
"1430",1,1,1,1,1,1,0,1,1,1,1,1,1,1,1
"1431",0,1,1,1,1,0,1,0,0,0,1,1,0,1,1
"1432",1,1,1,1,1,0,1,1,0,0,1,1,1,1,0
"1433",0,0,1,1,1,0,0,1,0,0,1,1,1,0,0
"1434",1,1,1,0,1,1,1,1,1,1,0,1,1,1,1
"1435",1,0,0,0,0,1,0,1,1,1,1,0,1,1,0
"1436",1,1,1,1,1,1,1,1,1,1,1,1,1,1,0
"1437",1,0,0,0,0,0,0,0,1,0,0,0,0,0,0
"1438",0,0,0,0,0,1,0,1,0,1,0,1,0,1,0
"1439",1,0,0,1,1,1,1,1,1,1,1,1,1,1,1
"1440",1,0,1,1,1,0,1,0,1,1,0,0,1,1,1
"1441",1,0,0,1,1,1,1,1,1,1,1,1,1,1,0
"1442",0,1,0,1,0,0,1,0,1,1,0,0,1,0,1
"1443",1,0,0,0,0,1,1,1,1,0,0,0,1,0,0
"1444",1,1,1,1,1,1,1,1,1,1,1,1,1,1,0
"1445",1,1,1,1,0,1,1,1,0,1,0,1,0,1,0
"1446",1,0,1,0,1,1,1,1,1,0,1,0,1,1,1
"1447",1,1,0,1,0,1,1,1,1,1,0,1,0,1,0
"1448",0,1,1,1,1,1,1,1,0,0,1,1,1,1,1
"1449",0,0,0,0,0,0,0,1,0,0,0,0,0,0,1
"1450",1,1,1,1,1,1,1,0,1,1,1,1,1,0,0
"1451",0,1,1,1,0,0,1,0,0,0,0,1,0,1,1
"1452",1,1,1,1,1,1,1,0,1,0,1,1,1,1,0
"1453",1,1,1,1,1,0,1,0,1,1,1,1,0,1,0
"1454",1,1,1,1,1,1,1,0,1,1,0,1,1,0,0
"1455",0,0,0,1,0,1,0,1,0,1,0,0,0,0,1
"1456",0,1,1,1,1,1,1,0,1,1,0,0,1,0,1
"1457",0,0,0,0,1,1,1,0,0,1,1,1,1,1,0
"1458",1,1,0,1,1,1,1,1,1,1,1,1,1,0,0
"1459",1,1,1,1,1,1,1,0,1,1,0,0,1,1,1
"1460",0,0,0,0,0,0,0,1,1,0,0,0,0,1,1
"1461",0,0,0,0,0,1,0,1,0,1,0,0,0,1,1
"1462",1,0,1,1,1,1,1,1,1,1,1,1,0,1,1
"1463",1,1,1,0,1,1,1,1,1,1,0,0,1,1,1
"1464",1,1,1,0,1,1,1,1,1,1,0,0,1,1,0
"1465",0,0,0,0,0,0,0,1,0,0,0,1,0,0,1
"1466",0,0,1,0,1,1,1,1,1,1,1,1,1,0,0
"1467",1,1,1,1,1,1,1,1,1,1,1,0,1,1,1
"1468",0,1,1,1,1,0,1,1,0,1,1,0,0,0,0
"1469",0,1,0,0,1,1,1,1,0,1,1,1,0,1,1
"1470",1,0,0,1,0,0,0,1,0,0,0,1,1,0,1
"1471",1,1,1,1,1,1,1,0,1,1,1,0,1,1,1
"1472",0,0,0,1,1,0,0,1,0,1,0,0,0,0,0
"1473",1,1,1,1,1,1,1,0,1,1,1,1,1,0,1
"1474",0,1,1,1,1,1,1,0,0,1,0,0,0,1,1
"1475",1,1,1,1,0,1,1,0,1,1,1,1,1,1,0
"1476",0,1,1,1,1,0,1,0,0,1,1,1,1,1,1
"1477",1,1,1,0,1,1,1,0,1,0,1,0,1,0,0
"1478",0,0,0,0,0,0,0,0,0,0,0,0,0,0,0
"1479",0,1,1,1,1,1,1,1,0,1,0,1,0,0,0
"1480",1,0,0,1,0,0,0,1,1,0,0,0,0,1,0
"1481",0,1,1,1,1,1,1,0,0,0,1,1,1,1,0
"1482",0,0,0,0,0,0,0,1,0,1,0,1,0,1,0
"1483",1,1,1,1,1,1,1,1,1,1,1,1,1,1,0
"1484",1,1,1,0,0,1,0,1,1,0,0,0,1,0,1
"1485",0,0,0,0,1,1,0,0,0,1,1,1,0,1,1
"1486",1,1,1,1,1,0,1,0,0,1,1,1,1,1,1
"1487",1,1,1,0,0,1,1,0,1,1,0,1,1,1,1
"1488",0,1,1,0,0,1,1,0,0,0,0,0,1,1,1
"1489",1,1,1,1,1,1,1,1,1,1,1,1,1,1,1
"1490",1,0,0,0,1,1,1,1,1,0,1,1,1,0,1
"1491",0,0,0,0,0,1,0,0,0,0,0,0,0,0,0
"1492",1,0,0,0,0,0,0,0,0,0,0,0,0,1,1
"1493",0,1,1,1,0,0,1,0,0,0,0,0,0,0,0
"1494",0,0,0,0,0,0,0,0,0,0,0,0,0,0,1
"1495",0,0,1,0,1,1,0,1,0,1,1,1,0,1,1
"1496",1,1,1,0,1,0,1,1,1,0,1,1,1,1,1
"1497",1,1,1,1,0,0,1,1,1,0,0,0,0,0,1
"1498",0,0,0,1,1,1,0,0,0,1,1,1,0,1,1
"1499",1,1,1,1,1,1,1,0,1,1,0,0,1,1,1
"1500",0,0,0,0,0,0,0,1,1,0,1,1,0,0,0
"1501",0,1,1,1,1,1,1,0,0,1,0,0,0,0,1
"1502",0,0,0,0,0,0,0,0,0,0,0,0,0,1,0
"1503",0,0,0,0,0,0,0,0,0,0,0,0,0,0,1
"1504",0,0,0,0,0,0,0,0,0,1,1,1,0,1,0
"1505",1,1,1,1,1,0,1,0,0,1,0,0,1,0,0
"1506",0,0,0,0,0,0,0,0,0,0,0,0,0,1,1
"1507",0,0,0,0,0,0,0,0,0,0,0,1,0,0,0
"1508",0,0,0,0,0,1,0,0,0,1,0,1,0,1,0
"1509",1,1,1,0,0,1,1,1,0,1,0,1,1,1,0
"1510",1,1,1,1,1,1,1,1,0,1,1,1,1,1,0
"1511",0,0,0,0,0,0,0,1,1,0,1,0,0,0,0
"1512",1,1,1,0,1,1,1,1,0,1,0,1,1,1,1
"1513",1,1,1,1,1,1,1,1,1,1,1,1,1,1,1
"1514",1,0,0,0,0,1,0,0,1,1,0,1,1,1,0
"1515",0,0,1,1,0,0,0,1,0,0,1,0,0,1,0
"1516",1,1,1,1,0,0,1,1,1,1,0,1,1,1,0
"1517",1,0,0,1,0,0,0,1,1,1,0,0,1,1,1
"1518",1,1,1,1,1,1,1,1,0,1,1,1,1,1,1
"1519",1,1,1,1,0,1,1,1,1,1,1,1,1,1,1
"1520",0,0,0,0,0,0,0,1,0,1,1,0,0,1,1
"1521",1,0,0,0,1,1,0,1,1,1,1,1,0,0,0
"1522",0,0,0,0,1,1,0,1,0,1,0,1,0,1,1
"1523",0,1,1,0,0,0,1,1,0,0,0,1,1,1,0
"1524",1,1,0,1,1,1,1,1,1,1,1,1,1,1,1
"1525",1,1,1,1,1,1,1,1,1,1,0,1,1,1,1
"1526",1,1,0,0,0,1,0,0,1,0,0,0,1,0,0
"1527",1,1,1,1,1,1,1,0,1,1,1,1,1,1,0
"1528",0,1,1,1,1,1,1,0,0,1,1,1,0,0,1
"1529",0,0,0,0,0,1,0,0,0,0,0,0,0,0,0
"1530",0,0,1,0,0,0,0,1,0,1,0,0,0,0,0
"1531",0,0,0,0,0,1,0,1,0,1,0,1,1,0,0
"1532",1,1,1,0,0,0,1,0,1,1,0,0,0,1,0
"1533",1,0,0,1,1,0,0,0,0,1,1,1,1,1,1
"1534",1,1,1,1,1,1,1,1,1,1,0,1,1,0,1
"1535",0,1,1,1,1,1,1,1,0,1,0,1,1,1,1
"1536",1,1,1,1,1,1,1,1,1,0,1,0,1,0,0
"1537",1,0,0,0,1,1,0,1,1,1,0,0,1,1,1
"1538",1,1,0,0,1,0,1,0,1,0,1,1,1,1,1
"1539",0,1,1,0,1,0,1,1,0,1,0,0,0,0,1
"1540",0,0,0,1,0,0,1,1,1,0,0,0,0,1,1
"1541",0,1,1,1,1,1,1,1,0,1,1,1,0,1,1
"1542",1,0,0,1,1,1,0,1,1,1,1,1,1,0,1
"1543",0,0,0,0,0,1,0,1,0,1,0,0,0,1,1
"1544",1,1,1,1,0,1,1,1,1,1,1,1,1,1,1
"1545",0,0,0,0,0,0,0,0,0,0,0,0,0,1,1
"1546",1,0,1,1,1,1,0,1,1,0,0,1,0,1,1
"1547",0,0,0,1,0,0,1,1,1,0,1,0,0,1,0
"1548",1,1,1,1,1,1,1,1,1,1,1,1,1,1,1
"1549",1,1,1,1,1,1,1,1,0,1,1,1,1,1,1
"1550",0,1,1,1,1,0,1,0,0,0,1,1,0,1,0
"1551",0,0,1,0,0,1,1,1,1,1,0,0,0,1,1
"1552",1,1,1,0,1,1,1,0,1,0,1,1,1,0,1
"1553",1,1,1,0,0,0,1,1,0,0,1,1,1,1,0
"1554",0,1,1,1,1,1,1,1,0,1,1,1,0,1,0
"1555",0,0,0,1,1,1,0,0,0,0,0,1,0,0,1
"1556",1,0,1,1,0,1,0,1,0,0,0,1,1,1,0
"1557",1,1,0,1,1,1,1,1,1,1,1,1,1,1,1
"1558",0,1,1,0,1,0,0,0,0,1,0,0,0,0,1
"1559",0,0,0,1,0,1,0,0,0,1,1,1,0,1,1
"1560",1,1,1,1,1,1,1,0,1,1,0,0,1,1,1
"1561",1,1,1,1,1,1,0,0,0,0,1,1,1,0,1
"1562",1,1,1,1,1,1,1,0,1,1,1,0,1,0,1
"1563",1,0,0,0,0,0,0,0,0,0,0,0,1,1,0
"1564",1,1,1,0,0,0,1,1,0,0,0,0,0,0,0
"1565",0,0,0,0,1,0,1,1,0,1,1,1,0,1,1
"1566",1,0,1,1,1,0,0,1,1,0,1,0,1,0,1
"1567",1,1,1,1,1,1,1,0,1,1,1,1,1,1,0
"1568",0,1,1,1,1,1,1,1,1,1,1,1,1,1,0
"1569",1,0,0,0,1,1,0,0,1,1,1,1,1,0,1
"1570",0,0,0,1,0,1,1,0,1,0,1,0,1,0,1
"1571",1,1,1,1,1,1,0,1,1,1,1,1,1,1,1
"1572",1,1,1,1,1,1,1,1,1,1,1,1,1,0,1
"1573",0,0,0,1,0,0,0,1,0,0,1,0,0,1,1
"1574",1,1,1,1,1,1,0,0,0,0,1,1,1,0,0
"1575",0,0,0,0,1,0,0,1,0,1,1,1,1,0,1
"1576",1,1,1,1,1,1,1,0,1,0,0,0,1,1,0
"1577",0,1,0,0,1,1,0,0,0,0,1,1,0,1,1
"1578",1,0,0,0,0,0,0,0,1,0,0,0,1,0,1
"1579",0,0,0,0,0,0,0,1,0,0,0,1,0,1,1
"1580",1,1,1,0,0,1,1,1,1,0,0,0,1,0,0
"1581",0,0,0,0,0,1,0,1,0,0,0,1,0,0,1
"1582",0,0,0,1,1,0,1,1,0,0,0,0,0,1,1
"1583",0,0,0,1,0,1,0,0,1,1,1,1,0,1,1
"1584",1,1,1,1,1,1,1,0,0,1,1,0,1,0,0
"1585",0,0,0,1,0,1,0,0,0,1,0,1,1,0,1
"1586",1,1,1,1,1,1,1,1,1,1,1,1,1,0,0
"1587",0,0,1,1,0,0,1,0,1,0,0,1,0,0,1
"1588",1,0,0,0,0,1,0,0,0,0,1,0,1,0,1
"1589",1,1,1,0,0,1,1,0,0,1,1,1,1,0,1
"1590",1,1,1,1,0,1,1,1,0,1,1,0,1,1,1
"1591",1,1,1,1,1,1,1,1,0,0,0,1,1,1,1
"1592",0,0,0,0,0,0,0,1,0,1,1,1,0,1,1
"1593",1,1,1,0,0,1,1,1,1,1,1,0,1,0,1
"1594",0,0,0,0,0,0,1,0,0,1,0,1,1,1,1
"1595",1,1,1,1,1,1,1,1,1,1,1,0,1,0,0
"1596",0,1,1,1,1,1,1,0,0,1,1,1,1,1,1
"1597",1,1,1,1,1,1,0,1,1,1,0,1,1,1,1
"1598",1,0,0,0,0,0,0,0,0,1,1,1,0,0,1
"1599",1,0,0,0,0,0,1,0,1,1,0,0,1,1,1
"1600",0,0,0,0,0,0,0,1,0,0,1,0,0,1,1
"1601",0,0,0,0,1,0,0,1,0,0,1,0,0,0,0
"1602",1,1,1,1,1,1,1,1,1,0,1,1,1,1,1
"1603",0,0,0,1,0,0,0,1,0,0,1,0,1,0,1
"1604",1,0,0,1,0,0,0,1,1,1,0,0,1,1,1
"1605",1,0,0,0,0,0,0,1,0,0,1,1,0,0,1
"1606",0,0,0,0,0,0,0,0,1,1,1,1,1,1,1
"1607",0,1,1,1,1,1,1,1,0,1,1,1,1,1,0
"1608",1,1,1,0,1,0,1,1,1,0,1,1,1,1,0
"1609",1,0,1,1,1,1,1,1,0,0,0,1,0,1,1
"1610",0,0,0,0,0,1,0,1,0,1,0,1,0,0,1
"1611",0,0,1,1,0,1,1,1,0,1,1,0,0,1,1
"1612",1,1,1,1,0,1,1,1,1,1,0,1,1,1,1
"1613",1,1,1,0,0,1,0,1,1,0,1,0,1,0,1
"1614",1,1,1,1,1,1,1,0,1,1,1,1,1,1,1
"1615",1,0,0,1,0,0,1,1,1,1,0,1,0,1,1
"1616",0,0,1,1,1,1,0,0,0,1,0,1,0,1,1
"1617",1,1,1,1,1,0,1,1,0,0,0,1,0,0,0
"1618",1,0,1,0,0,0,0,1,1,1,1,1,1,1,1
"1619",0,1,0,1,1,1,0,1,1,1,0,0,1,0,0
"1620",1,1,1,0,1,1,1,1,1,0,1,1,1,1,0
"1621",1,1,1,0,1,1,1,1,1,0,0,1,1,0,1
"1622",1,0,0,0,0,1,0,1,1,1,1,0,1,1,0
"1623",1,1,1,1,1,1,1,1,1,1,1,1,0,0,0
"1624",0,0,0,0,0,1,0,0,1,0,0,0,1,1,0
"1625",0,1,1,1,1,1,1,0,0,1,0,0,1,0,0
"1626",0,1,1,1,0,1,1,0,1,0,1,1,1,0,0
"1627",0,0,1,1,1,0,1,1,0,1,1,1,0,0,1
"1628",0,1,1,0,1,1,1,0,0,1,1,0,1,0,0
"1629",1,1,1,1,1,1,1,1,1,0,1,1,1,0,1
"1630",1,0,0,0,0,0,0,1,0,1,0,0,1,1,0
"1631",0,1,1,1,1,0,1,0,0,0,1,0,0,0,1
"1632",0,1,1,0,1,1,1,0,1,1,1,0,0,1,0
"1633",0,1,1,0,1,1,1,0,1,1,1,1,1,1,1
"1634",1,1,1,1,1,0,1,1,1,0,1,1,1,1,1
"1635",0,0,0,1,0,1,0,0,1,1,1,1,1,0,0
"1636",1,1,1,0,1,1,1,1,0,1,1,1,1,0,1
"1637",0,0,1,1,0,0,1,0,1,0,0,0,1,1,0
"1638",0,0,0,1,0,0,0,1,0,1,1,1,0,1,1
"1639",0,1,1,0,1,0,1,0,0,1,0,1,0,0,1
"1640",0,0,0,1,1,1,0,0,0,1,0,1,0,1,1
"1641",1,1,0,1,0,1,0,0,1,0,0,1,1,0,1
"1642",1,1,1,1,1,0,1,0,1,0,1,1,1,0,1
"1643",1,1,0,1,0,1,1,1,1,1,1,1,0,0,0
"1644",0,0,0,1,0,1,0,1,0,1,0,0,1,0,0
"1645",1,0,0,1,0,0,0,1,1,1,0,1,0,1,1
"1646",0,1,1,1,1,1,0,1,1,1,1,1,1,0,1
"1647",0,1,1,1,1,0,1,1,1,1,1,1,1,1,0
"1648",1,1,1,0,1,1,1,1,1,0,1,1,1,1,1
"1649",1,0,1,0,1,0,0,1,1,0,0,0,0,1,1
"1650",1,0,0,1,0,0,1,0,1,1,0,0,0,0,1
"1651",0,1,1,1,1,0,1,0,0,1,0,1,0,0,0
"1652",0,0,0,1,0,1,1,0,1,0,0,1,0,0,1
"1653",0,0,0,1,1,0,0,1,0,0,0,0,0,1,1
"1654",1,1,1,0,1,1,1,1,1,1,1,0,1,0,1
"1655",0,0,1,0,0,0,1,1,0,1,1,0,0,1,0
"1656",0,0,0,0,0,0,0,1,1,0,0,0,0,0,0
"1657",1,1,1,0,0,0,1,0,1,1,0,1,1,0,1
"1658",0,0,0,0,1,0,0,1,0,1,1,1,0,0,1
"1659",1,1,1,1,1,1,1,1,1,0,1,1,1,1,0
"1660",0,0,0,0,0,0,0,1,0,0,0,0,0,0,0
"1661",0,1,1,0,1,0,1,1,0,1,0,0,0,1,1
"1662",1,0,0,1,0,0,0,1,1,1,0,1,1,0,0
"1663",0,0,0,0,1,0,0,1,0,0,0,1,0,1,1
"1664",1,1,1,1,0,0,1,1,1,0,0,1,1,1,1
"1665",0,1,1,1,1,1,1,1,0,1,1,0,0,1,0
"1666",0,1,1,1,1,0,1,1,1,0,1,1,0,0,1
"1667",0,0,1,1,1,1,0,0,0,1,0,1,0,1,1
"1668",1,1,0,0,0,1,0,0,0,1,1,1,1,1,0
"1669",1,0,0,0,0,0,0,0,1,1,0,0,1,0,1
"1670",0,1,1,1,1,0,1,0,0,0,0,0,0,0,1
"1671",0,0,0,1,1,0,0,0,1,0,0,0,0,0,1
"1672",0,1,1,0,1,0,1,1,0,0,1,1,0,0,1
"1673",1,1,0,0,1,1,1,0,1,0,0,0,1,0,0
"1674",1,0,0,0,0,0,0,0,0,0,1,1,0,0,1
"1675",0,1,1,1,0,0,1,1,0,0,0,1,0,0,1
"1676",1,0,0,1,0,0,0,1,0,1,0,0,0,0,1
"1677",0,0,0,1,0,1,0,0,0,0,1,0,0,0,0
"1678",0,0,0,0,0,1,0,0,0,1,0,1,0,1,1
"1679",1,1,1,1,0,1,1,0,1,1,1,1,1,0,1
"1680",1,0,1,1,0,1,0,1,0,1,1,1,1,1,1
"1681",1,1,0,0,0,0,0,0,0,1,1,1,0,0,0
"1682",0,1,1,0,1,1,1,1,1,0,1,1,1,0,1
"1683",0,1,0,1,0,1,1,1,0,1,1,1,1,0,1
"1684",1,0,0,1,0,1,0,0,1,0,1,0,1,1,1
"1685",1,0,0,1,0,1,1,0,1,0,0,0,1,1,1
"1686",0,0,0,0,0,1,0,0,0,0,1,0,0,1,0
"1687",1,0,1,1,1,1,1,0,0,0,0,1,0,0,1
"1688",1,1,1,1,1,1,1,0,1,0,1,1,1,1,1
"1689",1,0,0,1,1,1,1,1,0,1,0,1,1,0,1
"1690",1,1,1,0,0,0,1,1,1,0,1,1,0,1,0
"1691",0,1,1,0,1,0,1,1,1,1,0,1,1,0,1
"1692",1,1,1,0,0,1,1,1,0,1,0,1,1,0,1
"1693",1,0,0,1,1,0,0,1,0,0,0,0,1,0,1
"1694",0,1,1,0,1,0,1,1,1,0,1,0,1,0,0
"1695",1,1,1,1,1,1,1,1,0,1,0,0,1,0,0
"1696",0,0,0,1,1,0,0,0,1,0,1,1,0,1,0
"1697",0,0,0,0,0,0,0,1,0,0,0,0,0,1,1
"1698",0,1,1,1,1,1,1,1,0,1,1,1,0,0,0
"1699",1,0,1,0,1,1,0,1,1,0,1,1,0,0,1
"1700",1,1,1,1,1,1,1,1,1,1,1,1,1,0,0
"1701",0,1,1,1,1,1,1,1,1,0,1,1,1,1,1
"1702",1,1,1,0,0,1,1,1,1,1,1,1,1,0,0
"1703",0,0,0,1,0,1,0,1,0,0,1,1,1,0,0
"1704",1,1,1,1,1,0,1,0,0,1,0,1,1,0,1
"1705",1,0,1,1,1,1,0,0,1,1,1,1,1,1,1
"1706",1,1,0,0,1,1,1,1,1,1,1,1,1,0,1
"1707",1,1,1,1,1,1,1,1,1,0,1,1,1,0,1
"1708",0,0,0,1,1,0,0,1,1,0,0,0,1,1,0
"1709",0,0,0,1,0,0,1,1,0,0,0,0,1,0,0
"1710",0,1,1,1,1,1,1,1,1,1,1,1,0,0,0
"1711",1,1,1,0,1,1,1,1,1,1,0,0,1,0,0
"1712",1,0,0,0,0,1,0,1,0,1,0,1,0,1,0
"1713",1,1,1,1,1,1,1,1,1,1,1,1,1,0,1
"1714",0,0,0,0,1,1,1,1,1,1,1,1,1,0,1
"1715",1,0,0,0,1,1,1,0,1,0,0,0,1,1,1
"1716",1,1,1,1,1,0,0,0,0,1,1,1,1,1,1
"1717",1,0,1,0,1,1,0,1,1,0,0,1,1,1,0
"1718",0,1,0,1,1,1,1,1,1,1,1,0,0,0,1
"1719",1,1,1,1,1,1,1,1,1,1,1,1,1,0,1
"1720",1,1,1,1,1,1,1,0,1,1,1,1,1,1,1
"1721",1,1,1,1,1,1,1,0,1,1,1,1,1,1,0
"1722",0,0,0,0,1,0,0,0,0,0,0,0,1,1,1
"1723",1,1,1,1,1,1,1,0,1,0,0,1,1,0,0
"1724",0,0,0,1,0,0,0,0,1,0,0,0,1,0,1
"1725",0,1,1,1,1,1,1,1,0,1,1,1,0,1,1
"1726",1,0,0,1,0,1,1,0,1,0,0,1,1,1,1
"1727",0,1,1,1,0,1,1,0,1,1,1,1,0,0,1
"1728",1,0,0,0,0,1,0,0,1,1,1,1,0,0,1
"1729",0,1,1,1,1,1,1,1,1,1,0,1,1,0,1
"1730",1,1,1,1,0,1,1,0,1,0,0,1,1,1,1
"1731",1,0,0,0,0,1,0,0,0,0,0,0,0,1,0
"1732",0,0,0,0,0,1,0,0,0,1,0,1,0,0,1
"1733",1,1,1,1,1,1,1,0,1,1,0,1,1,1,1
"1734",1,0,1,1,0,0,0,0,0,0,0,1,0,1,1
"1735",1,0,0,1,1,1,0,0,1,1,1,1,1,1,1
"1736",0,1,1,1,1,1,1,1,1,1,1,1,1,0,0
"1737",0,0,0,1,0,1,0,1,1,0,0,1,1,0,0
"1738",0,1,1,0,1,0,1,1,0,1,1,0,1,0,1
"1739",1,1,1,1,0,1,1,0,1,0,1,1,1,1,1
"1740",0,1,1,1,1,0,1,1,1,1,1,1,1,0,1
"1741",1,0,1,1,1,1,1,1,0,1,0,1,1,1,0
"1742",0,1,1,1,1,1,1,0,0,1,0,1,0,0,1
"1743",1,1,1,1,0,1,0,1,1,1,1,0,1,0,1
"1744",1,1,1,1,1,0,1,1,0,1,1,1,1,1,1
"1745",0,1,1,0,0,1,1,1,1,0,1,1,1,0,1
"1746",1,1,1,1,1,1,1,1,0,1,1,1,1,0,1
"1747",1,1,0,0,0,0,1,1,1,0,1,0,0,0,1
"1748",1,1,1,1,1,1,1,1,1,0,0,0,1,0,1
"1749",1,0,1,0,1,1,1,0,0,0,0,0,0,0,1
"1750",0,0,0,0,0,0,0,1,0,0,1,1,0,0,0
"1751",1,1,1,0,1,1,1,1,1,1,1,0,1,1,1
"1752",0,0,0,0,0,0,0,0,0,0,0,0,1,1,1
"1753",0,1,1,0,1,0,1,0,0,1,1,0,0,0,1
"1754",0,0,0,0,0,1,0,0,0,0,0,0,0,1,1
"1755",0,1,1,1,1,1,1,0,0,0,0,1,1,0,0
"1756",1,0,0,0,1,1,0,1,1,1,1,1,1,0,0
"1757",1,1,1,0,1,0,1,0,1,1,0,1,0,1,1
"1758",1,1,1,0,1,1,0,1,0,0,1,1,0,1,1
"1759",1,1,1,1,0,1,1,1,1,0,0,1,0,0,1
"1760",0,0,0,0,1,1,0,1,0,1,0,0,0,0,1
"1761",0,0,0,0,0,0,0,1,1,1,0,0,1,0,1
"1762",0,1,1,1,1,1,1,1,0,1,1,1,1,1,1
"1763",1,0,0,1,1,0,1,1,1,1,0,0,0,1,1
"1764",1,0,0,1,0,0,0,1,0,1,1,1,1,1,1
"1765",0,0,1,1,0,1,0,1,0,0,0,0,1,1,1
"1766",1,1,0,1,0,1,1,0,0,0,1,1,0,1,0
"1767",1,0,0,1,1,1,0,0,1,1,1,0,0,0,1
"1768",0,1,1,0,1,0,1,1,0,0,0,1,1,1,1
"1769",0,0,0,0,1,0,1,1,1,1,0,1,0,0,1
"1770",0,0,0,1,0,0,0,0,0,1,0,1,0,1,1
"1771",1,0,0,0,0,1,1,0,0,1,1,1,0,1,1
"1772",1,0,0,1,1,1,0,0,1,0,0,1,1,0,1
"1773",1,0,0,0,1,0,0,1,1,1,0,0,1,1,1
"1774",0,1,1,1,1,0,1,0,1,1,1,0,0,0,1
"1775",0,1,1,1,0,1,1,1,0,1,1,0,1,0,1
"1776",1,1,1,0,0,0,1,0,1,0,0,1,0,0,1
"1777",0,0,0,1,1,0,0,0,1,0,0,0,0,1,1
"1778",0,1,1,0,0,1,1,1,0,0,0,1,1,0,1
"1779",0,1,1,0,1,0,1,1,0,1,0,1,1,0,0
"1780",1,1,1,1,0,0,1,0,1,0,1,1,0,1,1
"1781",1,0,0,1,1,0,0,0,1,0,0,1,1,0,0
"1782",0,0,0,0,1,0,0,0,0,0,0,0,0,0,1
"1783",0,1,1,0,1,1,0,0,1,1,1,0,0,0,1
"1784",1,1,1,1,1,1,1,1,1,1,1,1,0,0,0
"1785",0,1,1,1,1,0,0,1,0,0,0,0,0,0,1
"1786",1,1,0,1,1,1,1,1,0,1,0,1,1,0,1
"1787",0,0,0,1,0,1,0,0,1,0,1,1,0,1,1
"1788",1,1,1,1,1,1,1,1,1,0,1,1,1,1,0
"1789",1,1,1,1,1,1,1,0,1,0,1,1,0,1,0
"1790",1,0,0,0,0,1,0,1,1,0,0,0,1,0,1
"1791",1,1,0,0,1,0,1,1,1,1,1,1,1,1,0
"1792",0,0,0,0,0,1,0,1,0,0,0,0,1,0,1
"1793",1,1,1,0,1,1,1,1,1,1,1,1,1,1,0
"1794",1,1,1,1,1,0,1,0,1,1,1,1,1,1,0
"1795",0,0,0,0,0,0,0,0,0,0,0,0,0,0,1
"1796",1,1,1,1,1,1,1,1,1,1,0,0,1,0,1
"1797",0,0,0,1,0,0,0,0,0,1,1,1,1,1,1
"1798",1,1,1,1,1,1,1,0,1,0,1,1,1,1,0
"1799",0,0,0,0,0,0,0,1,0,0,0,0,1,0,1
"1800",0,0,0,1,0,0,0,1,0,0,0,0,0,0,1
"1801",1,0,1,1,1,0,1,0,0,0,1,1,0,0,0
"1802",1,1,1,1,1,0,0,0,1,1,1,0,0,0,0
"1803",0,1,1,1,1,1,1,1,0,0,1,1,1,0,1
"1804",0,1,1,0,0,0,1,1,1,0,0,1,1,0,1
"1805",0,0,0,0,0,0,0,1,0,0,0,0,0,0,1
"1806",1,1,1,1,0,1,1,1,0,1,1,0,0,0,1
"1807",0,0,0,1,1,0,1,1,0,0,0,1,1,0,0
"1808",0,0,0,0,1,1,0,0,0,0,1,1,0,1,0
"1809",1,1,1,1,1,1,1,1,1,1,1,1,1,1,1
"1810",1,1,1,0,1,1,1,1,1,1,0,1,1,1,1
"1811",1,1,0,0,0,1,1,0,0,1,1,0,1,1,1
"1812",1,0,1,1,1,0,0,0,1,0,0,1,1,1,1
"1813",1,1,1,1,1,1,1,0,1,1,1,1,1,0,1
"1814",0,0,0,0,1,0,0,1,1,0,1,0,1,0,1
"1815",0,0,0,1,1,0,1,0,0,1,0,0,0,0,1
"1816",0,0,0,0,0,0,0,1,0,0,0,0,0,1,1
"1817",1,0,0,1,0,1,0,1,0,0,1,0,0,0,1
"1818",1,1,1,1,1,0,1,0,1,0,1,1,1,0,0
"1819",1,1,1,1,0,1,1,0,1,0,0,1,1,1,0
"1820",1,0,0,0,0,0,0,1,0,0,1,0,1,1,1
"1821",0,0,0,0,0,0,0,1,0,0,0,0,0,1,1
"1822",0,1,1,0,0,0,1,1,0,0,0,0,1,1,1
"1823",0,0,0,0,1,1,0,1,0,0,1,1,0,0,1
"1824",1,1,0,1,0,0,1,1,0,1,1,1,0,0,1
"1825",0,1,1,1,1,0,1,1,1,0,1,1,1,1,1
"1826",1,1,0,0,0,1,0,1,0,1,1,1,0,0,1
"1827",1,1,1,1,1,1,1,0,1,1,1,1,1,1,1
"1828",0,1,1,1,1,1,0,1,1,0,1,1,0,1,1
"1829",1,0,0,0,0,0,0,1,0,0,0,0,1,0,1
"1830",0,1,1,0,1,0,1,1,0,0,1,1,0,0,1
"1831",0,1,0,1,1,1,1,0,0,0,0,1,1,1,0
"1832",0,1,1,1,0,0,1,0,1,1,1,1,0,1,1
"1833",1,1,0,1,0,0,1,1,0,1,1,1,1,0,1
"1834",1,1,0,1,0,1,1,1,1,0,0,0,0,0,1
"1835",0,1,0,0,0,1,1,1,0,0,0,0,1,1,1
"1836",0,1,0,0,1,0,0,1,0,0,0,0,0,0,1
"1837",0,1,1,1,1,0,1,1,1,1,1,1,1,0,0
"1838",1,0,0,1,1,1,1,1,0,0,1,0,0,1,1
"1839",1,1,1,1,1,0,1,1,1,1,1,0,1,1,1
"1840",0,0,0,1,0,1,1,1,1,0,0,1,1,1,1
"1841",1,1,1,1,1,1,1,0,1,1,1,0,1,1,1
"1842",1,1,1,1,1,1,0,0,1,0,1,1,1,1,1
"1843",1,1,1,1,1,1,1,0,1,1,1,1,1,1,1
"1844",1,0,1,1,1,1,1,0,0,1,1,1,1,1,0
"1845",1,1,1,1,1,1,1,1,1,1,1,0,1,1,1
"1846",1,0,1,1,1,1,1,0,0,0,0,1,1,0,1
"1847",1,0,0,0,0,0,1,0,1,1,0,0,1,0,1
"1848",0,1,1,1,1,1,1,0,0,1,1,1,0,1,1
"1849",1,1,0,1,1,0,1,1,1,1,1,0,1,1,0
"1850",0,0,0,1,0,0,0,1,0,1,0,0,0,1,1
"1851",1,0,1,1,1,1,1,0,0,0,0,0,0,0,1
"1852",0,0,0,0,1,0,0,1,1,1,1,1,0,1,1
"1853",1,1,1,1,0,0,1,1,0,1,0,1,0,1,1
"1854",0,0,0,1,1,0,0,1,0,1,1,1,1,1,0
"1855",1,1,1,1,1,1,1,1,1,1,1,0,1,1,1
"1856",1,0,0,0,0,0,0,0,0,0,0,1,0,1,1
"1857",0,0,0,0,0,0,0,1,0,0,0,0,0,1,1
"1858",0,1,1,1,1,1,1,1,0,0,1,1,1,1,1
"1859",1,1,1,0,0,1,1,1,1,1,1,1,1,0,1
"1860",0,0,1,0,1,0,0,1,0,1,0,0,0,1,0
"1861",1,1,1,1,1,1,1,1,0,0,0,0,1,0,1
"1862",0,0,0,1,0,0,0,1,1,0,0,0,0,0,0
"1863",1,1,1,1,0,0,1,1,1,1,1,0,1,1,1
"1864",1,1,1,1,1,1,1,1,0,1,0,1,1,0,1
"1865",1,1,1,1,1,1,1,1,1,1,1,1,1,0,1
"1866",1,1,1,1,0,0,1,1,0,1,1,0,1,0,0
"1867",0,0,0,0,0,0,0,1,0,0,0,0,0,0,1
"1868",0,0,0,0,0,0,0,1,0,0,0,0,0,1,0
"1869",1,1,1,1,1,0,1,0,1,0,0,1,1,1,1
"1870",1,1,1,1,0,1,0,0,0,0,1,0,1,0,0
"1871",1,0,0,0,0,1,0,1,1,1,1,1,0,0,0
"1872",0,1,1,1,1,1,1,0,0,1,0,1,0,0,1
"1873",1,1,1,0,1,1,1,1,1,1,1,1,0,1,0
"1874",0,1,1,0,1,1,1,0,1,1,0,1,1,0,1
"1875",1,1,1,1,1,1,1,1,1,1,1,1,0,1,1
"1876",0,0,0,1,0,0,0,0,0,1,0,1,0,1,1
"1877",1,0,0,0,0,0,0,1,1,1,0,0,1,0,0
"1878",0,0,0,0,0,1,0,1,0,0,0,0,0,0,1
"1879",0,0,1,1,0,0,0,0,0,1,1,1,0,1,1
"1880",0,0,0,0,0,0,0,0,0,0,0,0,0,0,0
"1881",1,1,1,0,0,1,1,1,1,0,1,1,1,1,1
"1882",1,1,1,0,1,0,1,1,1,0,1,1,1,0,0
"1883",1,1,0,1,0,0,0,1,1,0,0,0,1,1,1
"1884",1,0,0,1,0,0,0,0,0,1,0,0,1,1,1
"1885",0,0,0,0,0,1,0,0,0,0,1,1,0,0,1
"1886",1,0,1,0,1,1,1,0,1,1,1,1,1,0,1
"1887",1,0,0,1,0,0,0,1,1,1,0,1,1,0,1
"1888",1,1,1,0,1,1,1,1,1,0,1,0,1,1,1
"1889",1,1,1,0,0,0,1,1,1,1,1,1,1,1,1
"1890",0,1,0,0,1,1,1,1,1,1,0,1,1,0,1
"1891",1,1,1,1,1,1,1,1,1,1,0,1,1,1,1
"1892",1,0,0,1,1,0,0,1,1,1,1,0,0,0,1
"1893",1,1,0,1,1,1,1,1,1,0,1,1,0,1,1
"1894",1,1,1,1,1,0,1,1,1,1,1,1,1,0,1
"1895",1,0,0,1,1,1,0,1,0,1,1,1,1,0,0
"1896",1,1,1,1,0,1,1,0,1,1,1,0,1,1,1
"1897",1,1,1,1,1,1,1,1,1,1,1,1,1,0,1
"1898",1,1,1,0,1,0,0,0,0,1,0,1,1,1,1
"1899",0,0,0,0,0,0,0,1,0,0,0,0,0,0,0
"1900",1,1,1,0,0,0,1,0,0,0,0,1,0,0,1
"1901",0,0,0,1,0,1,0,0,0,1,0,1,0,1,1
"1902",0,1,1,1,1,1,1,0,1,1,0,1,1,0,0
"1903",0,0,0,1,0,0,0,1,0,1,0,0,0,1,1
"1904",0,1,0,0,1,1,1,1,1,1,1,1,1,0,1
"1905",0,1,1,1,0,1,1,1,0,1,1,1,1,0,1
"1906",0,0,1,1,0,1,1,0,1,1,1,1,1,1,0
"1907",1,0,1,1,1,0,0,0,1,0,0,0,1,0,1
"1908",1,0,0,0,1,0,1,1,0,0,0,0,0,1,0
"1909",0,0,0,1,0,0,0,0,0,1,0,1,0,1,1
"1910",1,0,0,1,1,0,0,0,0,0,0,1,0,1,0
"1911",1,1,1,0,1,1,1,1,1,1,0,1,1,0,1
"1912",0,0,0,1,1,0,0,1,0,1,1,1,0,1,1
"1913",1,0,0,0,0,1,1,0,1,1,1,1,1,1,1
"1914",1,1,1,0,1,0,1,0,1,0,1,0,1,0,1
"1915",0,1,1,1,0,1,0,0,0,1,1,1,0,1,1
"1916",1,1,1,1,1,1,1,0,1,1,1,0,1,1,1
"1917",1,0,0,0,0,1,0,0,1,0,1,1,1,0,0
"1918",0,0,0,0,1,0,0,0,0,1,1,0,0,0,1
"1919",1,0,0,1,0,0,1,0,1,1,0,0,1,1,1
"1920",0,1,1,1,1,0,1,0,0,1,1,0,0,0,0
"1921",1,0,0,0,1,0,0,1,0,0,0,0,1,1,0
"1922",0,0,0,0,0,0,0,1,0,1,1,1,0,0,0
"1923",0,1,1,0,0,1,1,1,1,1,1,0,0,0,1
"1924",0,1,1,1,1,1,1,0,1,1,1,1,1,0,1
"1925",1,1,1,1,1,0,1,0,1,1,1,1,1,0,1
"1926",0,1,1,1,0,0,1,1,1,1,1,1,1,1,0
"1927",1,1,1,1,0,0,1,1,0,1,1,1,1,0,1
"1928",1,0,0,0,1,1,0,1,1,1,1,1,0,0,1
"1929",1,1,1,1,1,1,1,1,1,1,0,1,1,1,1
"1930",1,0,0,1,1,0,0,1,1,0,1,0,1,0,1
"1931",0,1,1,1,1,1,1,1,1,1,1,1,1,1,1
"1932",1,1,1,1,0,0,1,1,1,1,1,1,0,1,1
"1933",1,1,1,1,0,1,1,1,1,1,1,1,1,0,1
"1934",1,0,1,0,0,1,1,0,1,1,1,1,1,1,1
"1935",1,1,1,0,1,1,1,1,1,0,1,1,1,1,1
"1936",1,1,0,0,0,1,0,1,0,0,0,1,1,0,1
"1937",0,1,1,1,1,0,1,0,0,1,1,0,0,0,0
"1938",0,0,0,1,0,1,0,0,0,1,0,0,0,1,1
"1939",1,1,1,1,0,1,0,1,0,1,0,1,0,0,0
"1940",1,1,1,1,1,1,0,1,1,1,1,0,0,1,1
"1941",1,1,1,1,1,0,0,1,1,1,0,1,1,1,0
"1942",0,0,0,0,0,0,0,0,0,0,1,0,0,0,1
"1943",0,1,1,1,1,1,1,0,1,0,1,1,1,0,0
"1944",1,1,1,1,0,0,1,1,1,0,0,1,1,0,1
"1945",0,0,0,0,1,0,0,1,1,1,1,1,0,0,1
"1946",1,1,1,1,1,1,1,1,1,0,0,1,1,1,1
"1947",0,0,0,1,0,0,0,0,1,0,0,0,0,1,0
"1948",0,0,0,1,1,0,1,1,0,0,0,0,0,1,0
"1949",0,0,0,0,0,0,0,1,0,0,0,0,1,1,0
"1950",1,1,1,1,1,1,1,1,0,1,1,1,1,1,1
"1951",1,1,1,1,1,1,1,1,0,1,0,1,1,0,1
"1952",1,1,1,1,0,1,1,1,1,1,1,1,1,0,1
"1953",1,1,1,1,1,1,1,1,1,1,1,0,0,1,1
"1954",1,0,0,0,0,1,0,1,0,0,0,0,0,1,1
"1955",1,0,0,0,0,1,0,0,0,0,1,1,0,1,1
"1956",1,1,1,1,1,0,1,1,1,0,0,1,1,0,1
"1957",0,0,0,1,1,0,0,0,0,0,1,0,0,1,1
"1958",1,0,0,0,0,0,0,0,1,1,1,1,1,0,1
"1959",1,1,1,1,1,1,1,0,1,1,1,1,1,1,1
"1960",1,1,1,0,1,1,1,0,1,0,1,1,1,1,0
"1961",1,1,1,1,1,1,1,0,1,0,0,0,1,0,1
"1962",1,0,0,0,0,0,0,0,1,0,1,0,0,1,0
"1963",0,0,0,0,0,0,0,0,0,0,0,0,0,0,0
"1964",1,0,0,0,1,0,0,0,0,0,1,0,1,0,0
"1965",1,1,0,0,0,1,1,1,1,1,1,0,1,1,0
"1966",0,0,0,0,0,0,0,1,0,0,0,1,1,1,1
"1967",0,0,0,0,0,0,0,0,1,0,0,0,0,1,0
"1968",1,0,1,0,0,1,0,1,0,1,0,1,1,0,0
"1969",0,0,1,0,1,0,0,1,0,1,0,0,1,0,1
"1970",0,0,0,1,0,0,0,1,0,1,0,1,0,1,1
"1971",0,1,1,1,1,0,1,1,0,1,1,0,0,0,1
"1972",1,1,0,0,0,0,0,1,1,0,0,0,1,0,0
"1973",0,0,0,0,0,0,0,1,0,0,0,0,0,1,1
"1974",1,0,0,1,0,0,1,1,1,0,1,0,1,0,1
"1975",0,0,0,0,0,0,0,0,0,1,0,0,0,1,0
"1976",0,0,0,0,0,1,0,0,0,0,1,0,0,0,0
"1977",0,1,0,1,0,0,1,1,0,1,0,0,0,1,1
"1978",0,0,0,1,0,0,0,0,0,1,1,1,0,0,1
"1979",1,1,1,0,1,1,1,1,1,0,1,1,1,1,0
"1980",1,1,1,0,1,1,1,0,1,1,0,0,1,1,1
"1981",0,0,0,0,0,0,1,0,0,1,0,1,0,1,1
"1982",1,1,1,1,1,1,1,0,1,0,1,1,1,0,1
"1983",1,0,1,0,1,0,0,0,0,1,1,1,1,0,1
"1984",1,0,1,0,1,0,1,1,0,0,1,1,1,1,0
"1985",1,0,0,1,0,0,0,1,0,1,0,0,0,0,1
"1986",1,0,0,1,0,1,0,1,0,0,1,1,0,1,1
"1987",1,0,1,0,0,1,0,1,1,1,0,0,1,1,0
"1988",1,1,1,1,1,0,1,1,1,1,0,0,1,0,0
"1989",0,0,0,0,0,0,0,1,0,1,0,0,0,0,1
"1990",0,0,0,0,0,0,0,1,0,0,1,0,0,1,0
"1991",1,0,1,1,1,1,1,1,0,1,1,1,1,1,1
"1992",1,1,1,0,1,1,1,0,1,0,1,0,1,1,0
"1993",0,0,0,0,0,0,0,1,0,1,0,0,1,0,0
"1994",0,1,0,1,0,0,1,1,1,1,1,1,1,1,0
"1995",1,1,1,1,1,1,1,0,1,1,1,1,0,0,0
"1996",1,1,1,1,0,0,1,1,1,1,0,0,1,0,1
"1997",1,0,0,0,0,0,0,1,1,1,0,0,0,1,0
"1998",0,1,1,0,1,0,1,1,1,1,1,1,0,0,0
"1999",1,0,0,0,0,1,0,1,0,0,0,0,0,0,1
"2000",0,0,0,0,0,1,0,0,0,0,0,0,0,0,0
"2001",0,1,1,1,1,1,1,1,1,1,1,1,1,1,0
"2002",1,1,1,1,1,1,1,1,1,1,0,1,1,0,1
"2003",1,1,1,1,0,1,1,0,1,1,1,0,1,0,1
"2004",0,0,0,0,0,0,0,1,1,0,1,0,0,0,0
"2005",0,1,1,1,1,1,1,0,0,0,0,0,0,0,0
"2006",1,0,0,0,0,1,0,0,1,0,1,1,1,1,0
"2007",1,0,0,0,1,1,1,1,0,0,0,1,0,1,1
"2008",1,0,0,0,1,0,1,0,1,0,1,1,1,1,1
"2009",1,1,1,1,1,0,1,1,1,0,1,0,1,0,1
"2010",0,1,1,1,1,1,1,0,1,1,1,1,1,1,0
"2011",1,1,1,1,1,0,1,1,1,1,0,0,0,0,0
"2012",0,0,1,0,0,0,0,0,0,0,0,0,0,0,1
"2013",0,0,0,0,0,0,0,1,0,0,0,0,0,0,0
"2014",0,1,1,1,1,0,1,1,0,0,1,0,1,0,1
"2015",1,1,1,1,1,0,1,0,1,1,0,0,1,1,1
"2016",0,0,0,0,0,1,0,0,0,0,0,0,1,0,0
"2017",0,0,0,0,0,0,0,0,0,0,1,0,0,1,0
"2018",0,0,0,0,0,0,0,0,0,0,0,0,0,0,0
"2019",0,0,0,1,1,0,0,0,0,0,1,1,0,0,1
"2020",0,0,0,0,0,1,0,1,0,1,1,0,0,1,1
"2021",1,1,1,1,1,1,1,0,1,0,1,1,1,0,1
"2022",1,1,1,0,1,1,1,0,1,0,1,1,1,0,0
"2023",0,0,0,0,0,1,0,0,0,1,1,1,0,0,1
"2024",0,1,0,0,0,0,1,1,1,1,0,0,1,0,0
"2025",0,0,0,0,0,1,0,1,0,1,0,1,0,1,1
"2026",1,0,0,0,0,0,0,0,1,1,0,0,1,0,0
"2027",1,0,0,0,0,1,0,1,0,0,0,0,0,0,1
"2028",1,0,1,0,0,1,1,1,0,1,1,0,0,0,1
"2029",1,1,1,1,0,1,1,1,1,1,1,1,1,1,0
"2030",0,1,1,1,1,1,1,1,1,1,0,1,1,1,0
"2031",0,1,1,0,1,1,1,1,0,1,0,1,0,1,0
"2032",0,0,0,1,1,1,0,0,0,1,0,1,0,0,1
"2033",1,1,1,1,1,1,1,1,1,0,0,1,1,0,0
"2034",1,0,0,1,1,1,0,0,1,1,1,1,1,0,1
"2035",1,1,1,1,0,1,1,0,1,1,0,0,1,1,0
"2036",0,0,0,0,0,0,0,0,0,1,0,0,0,1,0
"2037",0,0,0,1,1,0,0,1,0,0,0,0,0,1,0
"2038",1,1,1,1,1,0,0,1,0,0,1,1,0,0,1
"2039",0,1,1,1,1,0,1,1,1,0,0,0,1,1,1
"2040",0,1,1,1,1,1,1,1,0,0,0,1,0,0,1
"2041",1,0,0,0,0,0,0,1,1,0,0,0,1,0,0
"2042",0,0,0,1,0,0,0,1,0,1,1,0,0,0,0
"2043",0,0,0,0,0,0,0,0,0,0,0,0,0,0,0
"2044",1,1,1,1,1,0,1,0,0,1,1,1,1,1,0
"2045",1,1,1,1,1,1,1,0,1,0,1,0,1,1,0
"2046",0,0,1,0,0,0,1,0,0,0,0,0,0,1,0
"2047",0,0,0,0,0,1,0,0,1,0,0,0,0,0,1
"2048",1,0,0,0,0,0,0,1,1,0,0,0,1,0,0
"2049",0,0,0,0,0,0,0,1,0,0,0,0,0,0,1
"2050",1,1,1,1,1,1,1,0,1,1,0,1,1,1,1
"2051",0,0,0,0,0,0,0,0,1,1,1,0,1,1,0
"2052",0,0,0,0,0,1,0,0,0,0,1,0,0,1,0
"2053",0,1,1,0,0,0,1,0,0,1,1,1,0,0,0
"2054",1,1,1,1,0,1,1,1,1,1,1,1,1,1,1
"2055",0,0,0,1,0,0,0,1,0,0,0,0,0,1,1
"2056",0,0,0,0,0,1,0,1,0,1,1,0,0,1,1
"2057",0,0,0,0,0,0,0,0,0,0,0,0,0,0,0
"2058",0,0,0,0,0,0,1,0,0,0,1,1,0,1,0
"2059",0,1,0,0,0,1,1,0,1,1,0,0,1,0,0
"2060",0,0,0,0,0,0,0,1,0,0,0,0,0,0,1
"2061",0,0,0,0,0,1,0,0,1,0,0,0,0,0,1
"2062",1,1,0,0,0,0,0,0,0,1,0,0,1,1,0
"2063",0,1,0,1,1,0,0,0,0,0,0,0,0,1,0
"2064",0,0,0,0,0,0,0,0,0,1,0,0,0,0,0
"2065",1,0,1,0,1,0,1,0,0,1,0,0,0,0,1
"2066",1,0,0,0,0,0,1,0,0,1,0,1,0,0,0
"2067",1,1,1,0,1,0,1,1,1,0,1,0,1,1,1
"2068",0,0,0,0,0,1,0,1,1,0,1,1,0,0,1
"2069",1,0,0,1,0,1,0,0,0,0,0,0,0,1,0
"2070",1,0,0,1,1,0,0,0,0,0,1,0,0,0,1
"2071",1,0,0,0,0,1,0,1,1,0,1,1,1,0,1
"2072",1,1,1,0,1,0,1,0,1,0,1,1,1,0,1
"2073",1,1,1,1,1,1,1,0,1,0,1,1,1,0,1
"2074",0,0,1,1,1,0,0,0,1,0,0,0,0,0,0
"2075",0,0,0,1,1,0,0,0,0,1,1,0,0,0,1
"2076",0,0,1,1,1,1,0,0,1,1,1,0,1,0,0
"2077",0,0,0,0,1,0,0,0,0,0,0,0,0,1,1
"2078",1,0,1,1,1,1,0,0,0,1,0,0,1,0,1
"2079",0,1,0,0,0,0,0,0,0,1,1,0,0,0,1
"2080",0,0,0,0,1,1,1,0,0,0,1,1,0,0,1
"2081",0,0,0,1,0,1,0,0,0,1,1,1,0,0,1
"2082",1,0,1,1,1,1,1,1,0,1,1,1,1,1,0
"2083",1,1,1,1,0,1,1,0,1,0,1,1,1,0,0
"2084",1,1,1,0,1,0,1,1,1,0,0,1,0,0,0
"2085",0,0,0,0,0,1,0,0,0,1,0,0,0,0,1
"2086",1,1,1,0,0,1,1,0,1,1,1,1,1,1,1
"2087",1,1,1,1,0,1,1,1,0,0,0,0,0,1,0
"2088",0,0,0,0,0,0,0,0,0,0,0,1,1,0,1
"2089",1,0,0,0,0,1,0,1,1,1,0,0,1,1,1
"2090",0,1,0,0,0,0,1,1,0,0,1,0,0,1,1
"2091",0,1,1,0,1,1,1,1,0,1,0,0,0,0,0
"2092",0,0,1,0,1,0,1,1,1,0,1,1,1,1,1
"2093",0,1,0,0,1,0,0,0,0,0,0,0,0,0,1
"2094",0,0,0,0,0,1,0,1,0,1,0,1,0,1,0
"2095",0,1,1,0,1,0,1,1,1,0,1,1,1,1,1
"2096",0,1,0,1,0,1,1,1,0,1,1,1,0,1,1
"2097",1,0,1,0,1,1,0,0,0,0,0,0,1,0,0
"2098",0,0,0,0,1,0,0,1,1,0,1,0,1,1,1
"2099",0,1,1,1,0,1,1,1,0,1,1,1,0,1,1
"2100",0,0,1,0,0,1,0,0,1,0,0,1,1,1,1
"2101",1,1,1,1,1,1,1,1,1,1,1,1,1,1,0
"2102",0,1,0,0,0,0,1,1,0,0,1,1,0,0,1
"2103",1,1,1,0,1,1,1,1,0,0,1,0,1,1,1
"2104",1,1,1,0,1,1,0,0,0,1,1,1,0,1,0
"2105",0,1,1,0,0,1,1,0,0,0,1,0,0,1,0
"2106",1,0,0,0,0,1,0,0,0,1,0,0,0,0,0
"2107",0,0,1,0,0,1,0,1,0,1,0,1,0,1,1
"2108",1,1,1,1,1,1,1,1,1,1,1,1,1,1,0
"2109",1,0,0,0,0,0,0,0,1,0,0,0,0,1,0
"2110",0,0,0,0,0,0,0,1,0,0,0,1,1,0,1
"2111",0,1,1,1,1,1,1,1,1,0,1,1,0,1,1
"2112",1,1,1,1,1,0,1,0,1,0,0,1,1,1,1
"2113",0,0,1,0,0,0,1,1,0,0,0,1,0,0,0
"2114",1,1,1,1,1,0,1,1,1,1,0,0,1,0,1
"2115",1,0,0,0,1,0,0,1,0,0,0,1,1,1,0
"2116",0,1,0,0,1,0,1,0,0,0,0,0,1,0,0
"2117",0,0,0,0,0,1,0,1,1,0,0,0,0,1,1
"2118",0,1,0,0,0,0,0,1,0,0,0,0,0,0,0
"2119",0,0,0,0,0,1,1,0,1,1,0,0,1,0,1
